firstname,lastname,ssn,mciid,county,dobyy,dobmm,dobdd,suffix,referralid,referraltype,dob,dt_referral,true_entity_id,bin1,bin2
ELIZABETH,TURNER,354248942.0,1001.0,28,1983.0,8.0,11.0,,A000000,GPS,1983-08-11,2019-10-21,0,1,0
WILLIAM,MARTIN,709282478.0,1002.0,17,2004.0,12.0,6.0,,A000001,CPS,2004-12-06,2021-11-05,1,0,1
PAUL,BRADLEY,760384142.0,1003.0,26,1980.0,12.0,28.0,,A000002,GPS,1980-12-28,2020-08-15,2,0,0
EMMA,CAMPBELL,771238490.0,1004.0,29,2000.0,3.0,6.0,,A000003,CPS,2000-03-06,2018-08-22,3,1,1
ROBERT,HENRY,114359940.0,1005.0,50,2002.0,1.0,25.0,,A000004,GPS,2002-01-25,2022-12-04,4,0,1
EMILY,CHEN,530965533.0,1006.0,17,1964.0,11.0,3.0,,A000005,CPS,1964-11-03,2021-10-26,5,0,0
MARGARET,POTTER,921837054.0,1007.0,3,1968.0,2.0,15.0,,A000006,GPS,1968-02-15,2018-03-06,6,0,1
MICHELLE,DUNN,482539646.0,1008.0,4,1972.0,4.0,14.0,,A000007,CPS,1972-04-14,2019-08-03,7,1,1
JENNIFER,GARRETT,768687894.0,1009.0,50,1974.0,10.0,20.0,,A000008,GPS,1974-10-20,2022-11-13,8,1,0
JAMES,BURNS,265522198.0,1010.0,60,1987.0,4.0,28.0,1.0,A000009,CPS,1987-04-28,2019-07-23,9,0,0
PATRICIA,WEAVER,145059004.0,1011.0,41,2002.0,2.0,1.0,,A000010,CPS,2002-02-01,2021-08-27,10,0,1
TERRY,SMITH,501912186.0,1012.0,64,1981.0,4.0,2.0,,A000011,CPS,1981-04-02,2022-08-04,11,0,1
JACQUELINE,SMITH,547688762.0,1013.0,65,2001.0,5.0,11.0,,A000012,GPS,2001-05-11,2020-01-02,12,1,0
JAMES,GARCIA,327307712.0,1014.0,13,1998.0,11.0,6.0,1.0,A000013,CPS,1998-11-06,2020-01-07,13,1,0
SUSAN,WEAVER,147050504.0,1015.0,53,1988.0,12.0,22.0,,A000014,GPS,1988-12-22,2018-11-24,14,0,1
VICTORIA,HUGHES,582317107.0,1016.0,9,1987.0,9.0,11.0,,A000015,CPS,1987-09-11,2021-10-01,15,0,0
MARTIN,WILLIAMS,309332995.0,1017.0,36,1966.0,8.0,10.0,,A000016,CPS,1966-08-10,2018-06-24,16,1,1
ASHLEY,KIM,776571040.0,1018.0,19,1994.0,11.0,18.0,,A000017,CPS,1994-11-18,2022-07-11,17,0,1
LINDA,KIM,190119037.0,1019.0,38,1999.0,5.0,13.0,,A000018,CPS,1999-05-13,2020-03-10,18,1,1
JOSHUA,DIAZ,227685835.0,1020.0,64,1980.0,4.0,13.0,,A000019,CPS,1980-04-13,2022-09-02,19,1,1
CARL,WILLIAMS,600386222.0,1021.0,20,1983.0,9.0,12.0,,A000020,CPS,1983-09-12,2019-06-09,20,0,1
ROBERT,FERNANDEZ,771287712.0,1022.0,40,1975.0,7.0,2.0,,A000021,CPS,1975-07-02,2019-02-28,21,1,1
ROBERT,HARRISON,468722900.0,1023.0,26,1990.0,2.0,11.0,,A000022,CPS,1990-02-11,2022-09-01,22,1,0
BETTY,JOHNSON,922342892.0,1024.0,42,1978.0,6.0,5.0,,A000023,CPS,1978-06-05,2020-02-23,23,1,1
MARY,SMITH,714533410.0,1025.0,13,1963.0,2.0,27.0,,A000024,GPS,1963-02-27,2019-03-26,24,1,0
DEBRA,TORRES,211463739.0,1026.0,31,2002.0,8.0,11.0,,A000025,GPS,2002-08-11,2018-06-04,25,0,1
SARAH,BROWN,853030140.0,1027.0,26,1990.0,11.0,1.0,,A000026,GPS,1990-11-01,2021-07-07,26,0,1
JERRY,JOHNSON,572374593.0,1028.0,19,1984.0,3.0,18.0,,A000027,CPS,1984-03-18,2019-08-26,27,1,0
TERESA,MILLER,803085645.0,1029.0,9,1962.0,8.0,14.0,,A000028,CPS,1962-08-14,2021-08-19,28,0,1
JEFFREY,HERNANDEZ,431555990.0,1030.0,18,2003.0,10.0,7.0,,A000029,CPS,2003-10-07,2019-06-02,29,1,1
JENNIFER,SMITH,917233336.0,1031.0,39,2001.0,8.0,2.0,,A000030,CPS,2001-08-02,2022-01-21,30,0,0
NANCY,HOWE,310686205.0,1032.0,34,1965.0,10.0,15.0,,A000031,CPS,1965-10-15,2022-08-10,31,0,1
DAVID,DEAN,379783999.0,1033.0,47,1964.0,11.0,10.0,,A000032,GPS,1964-11-10,2019-11-28,32,0,1
LAURA,WILLIAMS,878175674.0,1034.0,13,1982.0,3.0,5.0,,A000033,CPS,1982-03-05,2018-08-17,33,0,1
SHIRLEY,WHITE,846760310.0,1035.0,19,1970.0,2.0,13.0,,A000034,CPS,1970-02-13,2021-12-04,34,1,1
KELLY,MORALES,680558209.0,1036.0,56,1980.0,9.0,28.0,,A000035,CPS,1980-09-28,2019-03-22,35,1,1
SUSAN,CARLSON,947397959.0,1037.0,41,1985.0,9.0,12.0,,A000036,GPS,1985-09-12,2018-02-18,36,0,0
RAYMOND,DAVIS,506373393.0,1038.0,33,1993.0,6.0,21.0,,A000037,GPS,1993-06-21,2019-05-22,37,0,0
PATRICIA,WALKER,593771985.0,1039.0,8,1962.0,3.0,4.0,,A000038,GPS,1962-03-04,2022-09-17,38,0,1
THOMAS,WHITE,755805446.0,1040.0,35,1963.0,12.0,9.0,,A000039,CPS,1963-12-09,2020-11-08,39,0,1
PATRICIA,HENRY,631961241.0,1041.0,56,1986.0,3.0,16.0,,A000040,GPS,1986-03-16,2020-02-28,40,0,1
HEATHER,HILL,387009795.0,1042.0,14,1965.0,8.0,5.0,,A000041,CPS,1965-08-05,2019-03-15,41,1,1
JACK,BURNS,714123774.0,1043.0,15,1973.0,6.0,5.0,1.0,A000042,GPS,1973-06-05,2019-11-04,42,1,1
ERIC,RODRIGUEZ,602716660.0,1044.0,18,1968.0,11.0,21.0,,A000043,GPS,1968-11-21,2022-03-28,43,1,0
DAVID,REED,132608419.0,1045.0,1,1976.0,5.0,25.0,,A000044,CPS,1976-05-25,2022-03-22,44,1,0
EMMA,ELLIOTT,833726822.0,1046.0,33,1960.0,12.0,21.0,,A000045,GPS,1960-12-21,2021-01-18,45,1,0
PAMELA,BENNETT,233651587.0,1047.0,66,1994.0,7.0,10.0,,A000046,CPS,1994-07-10,2022-07-18,46,0,0
MARIA,JONES,974751109.0,1048.0,46,1962.0,10.0,2.0,,A000047,CPS,1962-10-02,2021-06-05,47,0,1
JENNIFER,NICHOLS,892892676.0,1049.0,26,1971.0,10.0,5.0,,A000048,GPS,1971-10-05,2019-03-24,48,1,0
ELIZABETH,GREEN,388043238.0,1050.0,63,1997.0,4.0,15.0,,A000049,CPS,1997-04-15,2021-04-09,49,1,0
RUSSELL,CLARK,953329949.0,1051.0,23,1967.0,5.0,9.0,,A000050,GPS,1967-05-09,2020-08-07,50,1,0
MICHAEL,TURNER,535389476.0,1052.0,33,1966.0,5.0,5.0,2.0,A000051,CPS,1966-05-05,2021-12-25,51,0,0
JENNIFER,ANDERSON,299978137.0,1053.0,16,1963.0,3.0,7.0,,A000052,CPS,1963-03-07,2020-07-18,52,0,1
MARY,CASTRO,757685080.0,1054.0,10,1999.0,8.0,7.0,,A000053,CPS,1999-08-07,2020-03-10,53,1,1
REBECCA,CAMPBELL,544001685.0,1055.0,2,1995.0,3.0,20.0,,A000054,CPS,1995-03-20,2021-06-10,54,0,1
JAMES,MCGUIRE,235049240.0,1056.0,24,1994.0,7.0,27.0,1.0,A000055,GPS,1994-07-27,2022-02-16,55,1,1
DENISE,COX,194430870.0,1057.0,64,1987.0,2.0,2.0,,A000056,CPS,1987-02-02,2019-06-13,56,1,1
AMBER,RAMIREZ,329689347.0,1058.0,60,1989.0,1.0,3.0,,A000057,CPS,1989-01-03,2018-07-11,57,0,0
GABRIEL,ANDERSON,608966262.0,1059.0,47,1971.0,7.0,6.0,,A000058,CPS,1971-07-06,2021-11-27,58,1,0
ROBERT,ANDREWS,168317435.0,1060.0,2,1978.0,11.0,28.0,,A000059,GPS,1978-11-28,2022-01-09,59,1,1
JAMES,WILSON,187366203.0,1061.0,24,1995.0,6.0,21.0,2.0,A000060,CPS,1995-06-21,2021-12-10,60,0,0
PATRICIA,PEREZ,214016380.0,1062.0,32,2002.0,6.0,12.0,,A000061,CPS,2002-06-12,2021-12-26,61,1,1
JAMES,HUNTER,391410310.0,1063.0,44,2000.0,9.0,26.0,,A000062,GPS,2000-09-26,2021-03-19,62,0,0
BARBARA,STONE,943674281.0,1064.0,45,1990.0,11.0,19.0,,A000063,CPS,1990-11-19,2021-06-06,63,1,0
SCOTT,ROBINSON,221843678.0,1065.0,67,1977.0,12.0,25.0,,A000064,CPS,1977-12-25,2020-12-09,64,1,0
RONALD,BLACK,995269182.0,1066.0,42,1970.0,10.0,23.0,,A000065,GPS,1970-10-23,2020-06-09,65,1,0
JAMES,CAMPBELL,555459606.0,1067.0,9,1961.0,6.0,3.0,,A000066,CPS,1961-06-03,2019-01-25,66,1,0
DENISE,SMITH,583590245.0,1068.0,43,2002.0,1.0,16.0,,A000067,GPS,2002-01-16,2020-12-12,67,1,0
JAMES,RODRIGUEZ,214606867.0,1069.0,60,1982.0,3.0,23.0,,A000068,GPS,1982-03-23,2020-10-28,68,0,0
PAMELA,LYNCH,576490788.0,1070.0,32,1987.0,2.0,16.0,,A000069,CPS,1987-02-16,2020-01-08,69,0,1
ELIZABETH,MENDOZA,847332802.0,1071.0,35,1976.0,10.0,22.0,,A000070,GPS,1976-10-22,2020-04-25,70,0,0
SANDRA,WILLIAMS,343894614.0,1072.0,13,1996.0,3.0,19.0,,A000071,GPS,1996-03-19,2022-10-02,71,1,0
JAMES,BURKE,197311045.0,1073.0,67,2004.0,11.0,28.0,,A000072,CPS,2004-11-28,2018-05-08,72,1,0
KEITH,SCOTT,996540546.0,1074.0,37,1993.0,11.0,16.0,,A000073,GPS,1993-11-16,2022-08-13,73,0,1
IVAN,ANDERSON,249586776.0,1075.0,12,1965.0,9.0,19.0,,A000074,CPS,1965-09-19,2022-04-28,74,0,0
SAMUEL,SANCHEZ,786340367.0,1076.0,55,1971.0,2.0,24.0,,A000075,GPS,1971-02-24,2018-02-15,75,0,1
MARGARET,COLLINS,486153844.0,1077.0,48,2003.0,10.0,14.0,,A000076,CPS,2003-10-14,2021-11-10,76,0,0
ELIZABETH,VAZQUEZ,376323126.0,1078.0,24,2003.0,8.0,25.0,,A000077,CPS,2003-08-25,2021-12-17,77,1,0
PATRICIA,CLARK,437300752.0,1079.0,10,2002.0,12.0,26.0,3.0,A000078,GPS,2002-12-26,2019-09-19,78,1,0
ARTHUR,SANCHEZ,974500567.0,1080.0,42,1999.0,6.0,22.0,,A000079,CPS,1999-06-22,2022-03-16,79,0,0
JOHN,PHILLIPS,460004895.0,1081.0,20,1979.0,6.0,21.0,,A000080,GPS,1979-06-21,2022-08-07,80,0,1
JAMES,SALAZAR,983397373.0,1082.0,45,1968.0,10.0,22.0,,A000081,CPS,1968-10-22,2021-11-12,81,0,1
CARL,SMITH,915958667.0,1083.0,59,1986.0,6.0,20.0,,A000082,CPS,1986-06-20,2022-03-15,82,1,0
JAMES,RILEY,847432771.0,1084.0,26,1980.0,12.0,2.0,,A000083,GPS,1980-12-02,2019-04-21,83,0,1
MARY,FLORES,651681350.0,1085.0,50,2000.0,7.0,20.0,,A000084,CPS,2000-07-20,2022-01-01,84,1,0
GRACE,SILVA,284935567.0,1086.0,10,1988.0,4.0,10.0,,A000085,GPS,1988-04-10,2019-09-03,85,0,0
MELISSA,ARNOLD,368621966.0,1087.0,38,1969.0,5.0,27.0,,A000086,CPS,1969-05-27,2019-05-12,86,0,0
MICHELLE,WELLS,217986314.0,1088.0,3,1998.0,2.0,17.0,,A000087,GPS,1998-02-17,2019-08-07,87,0,1
ROGER,WATTS,437596223.0,1089.0,47,2003.0,8.0,17.0,,A000088,GPS,2003-08-17,2018-02-17,88,0,0
BRIAN,RAY,968850266.0,1090.0,16,1977.0,12.0,25.0,,A000089,GPS,1977-12-25,2020-11-10,89,1,0
JESSICA,BARNES,692258659.0,1091.0,22,1998.0,4.0,20.0,,A000090,CPS,1998-04-20,2018-02-14,90,1,1
DORIS,HERNANDEZ,307486194.0,1092.0,59,1981.0,4.0,10.0,,A000091,CPS,1981-04-10,2020-11-28,91,0,1
NANCY,MARTINEZ,334581476.0,1093.0,13,1977.0,8.0,13.0,,A000092,CPS,1977-08-13,2021-10-03,92,0,1
NANCY,JONES,600524344.0,1094.0,4,1984.0,7.0,12.0,,A000093,CPS,1984-07-12,2021-01-19,93,0,1
PATRICIA,JOHNSON,608044269.0,1095.0,33,1987.0,9.0,19.0,,A000094,CPS,1987-09-19,2019-06-26,94,1,1
MATTHEW,JOHNSON,515773862.0,1096.0,56,1972.0,1.0,16.0,,A000095,CPS,1972-01-16,2018-02-18,95,1,0
MICHAEL,ORTIZ,218482581.0,1097.0,61,1972.0,9.0,7.0,,A000096,CPS,1972-09-07,2020-09-16,96,1,0
PATRICIA,MOORE,884283742.0,1098.0,19,1972.0,6.0,23.0,,A000097,GPS,1972-06-23,2018-07-22,97,0,1
JACOB,SMITH,389505042.0,1099.0,49,1980.0,12.0,18.0,,A000098,GPS,1980-12-18,2019-09-06,98,0,0
MATTHEW,GUZMAN,893300417.0,1100.0,43,1981.0,1.0,22.0,,A000099,CPS,1981-01-22,2018-11-05,99,0,1
RICHARD,SIMPSON,591653766.0,1101.0,20,1984.0,6.0,16.0,,A000100,CPS,1984-06-16,2019-12-12,100,1,1
MICHELLE,SNYDER,394009628.0,1102.0,2,1985.0,11.0,12.0,,A000101,CPS,1985-11-12,2018-12-05,101,0,1
JAMES,SMITH,864704439.0,1103.0,47,1984.0,11.0,13.0,,A000102,GPS,1984-11-13,2021-10-05,102,0,0
LINDA,WRIGHT,953828746.0,1104.0,57,1976.0,3.0,6.0,,A000103,CPS,1976-03-06,2020-08-11,103,0,1
ADAM,CLARK,680944359.0,1105.0,57,1978.0,1.0,25.0,,A000104,GPS,1978-01-25,2018-08-14,104,1,0
FRED,JONES,598743755.0,1106.0,54,1964.0,8.0,19.0,,A000105,GPS,1964-08-19,2021-02-27,105,1,0
KENNETH,ELLIOTT,180305364.0,1107.0,66,1977.0,3.0,21.0,,A000106,CPS,1977-03-21,2018-12-09,106,1,0
CAROL,CRUZ,835206810.0,1108.0,12,1999.0,12.0,12.0,,A000107,GPS,1999-12-12,2019-09-04,107,0,1
TYLER,RUIZ,680151262.0,1109.0,35,1974.0,1.0,24.0,,A000108,GPS,1974-01-24,2020-08-07,108,0,0
RALPH,GARCIA,346191493.0,1110.0,7,1979.0,12.0,28.0,,A000109,GPS,1979-12-28,2022-02-22,109,1,0
KENNETH,JONES,297220337.0,1111.0,24,1969.0,6.0,5.0,,A000110,CPS,1969-06-05,2018-05-24,110,0,1
JAMES,HERNANDEZ,969693108.0,1112.0,32,1963.0,5.0,1.0,,A000111,GPS,1963-05-01,2022-10-05,111,1,1
LINDA,HICKS,841460558.0,1113.0,40,1996.0,4.0,6.0,,A000112,CPS,1996-04-06,2020-06-27,112,0,1
KELLY,SANCHEZ,154150513.0,1114.0,44,1965.0,4.0,2.0,,A000113,CPS,1965-04-02,2020-04-17,113,1,1
JOHN,JOHNSON,591185959.0,1115.0,21,1989.0,4.0,5.0,,A000114,GPS,1989-04-05,2018-11-18,114,1,1
MARK,JONES,657258393.0,1116.0,20,1986.0,2.0,16.0,,A000115,CPS,1986-02-16,2019-09-22,115,1,1
STEVEN,GARCIA,703748138.0,1117.0,36,1963.0,4.0,6.0,,A000116,CPS,1963-04-06,2019-03-16,116,0,0
BRENDA,RICHARDSON,667839000.0,1118.0,16,1973.0,9.0,9.0,,A000117,CPS,1973-09-09,2021-08-26,117,0,1
JUDY,KELLY,790332623.0,1119.0,30,1965.0,7.0,11.0,,A000118,GPS,1965-07-11,2019-09-18,118,1,1
MICHELLE,PHILLIPS,876518835.0,1120.0,14,1967.0,10.0,5.0,,A000119,CPS,1967-10-05,2018-07-22,119,0,1
CHARLES,JACKSON,502627006.0,1121.0,8,1970.0,7.0,14.0,,A000120,GPS,1970-07-14,2021-11-19,120,0,0
JAMES,HENRY,931250482.0,1122.0,12,1985.0,4.0,10.0,,A000121,GPS,1985-04-10,2020-08-09,121,0,1
MARY,WELLS,605068968.0,1123.0,21,1964.0,5.0,13.0,,A000122,CPS,1964-05-13,2019-04-06,122,1,1
TYLER,HOWE,315983242.0,1124.0,30,2004.0,10.0,2.0,,A000123,GPS,2004-10-02,2020-06-25,123,1,0
JASON,KELLY,994673248.0,1125.0,32,1966.0,4.0,13.0,,A000124,GPS,1966-04-13,2022-01-01,124,1,0
ADAM,HAWKINS,411122498.0,1126.0,29,1966.0,12.0,25.0,,A000125,GPS,1966-12-25,2019-12-22,125,1,0
RUSSELL,JOHNSON,647518996.0,1127.0,36,1998.0,8.0,26.0,,A000126,CPS,1998-08-26,2021-06-13,126,0,0
JAMES,COLLINS,551766000.0,1128.0,7,1991.0,3.0,7.0,,A000127,CPS,1991-03-07,2022-09-17,127,1,1
ROBERT,GONZALEZ,974302832.0,1129.0,60,1962.0,12.0,17.0,,A000128,CPS,1962-12-17,2020-01-06,128,1,1
JUDITH,GREEN,929750366.0,1130.0,45,1968.0,4.0,21.0,,A000129,GPS,1968-04-21,2019-02-15,129,0,0
JACK,ELLIOTT,211023447.0,1131.0,3,1980.0,2.0,20.0,,A000130,GPS,1980-02-20,2022-12-16,130,1,1
JOHN,TAYLOR,349103874.0,1132.0,14,2002.0,5.0,17.0,,A000131,GPS,2002-05-17,2019-10-22,131,0,1
ANGELA,PIERCE,988529060.0,1133.0,20,2001.0,9.0,26.0,,A000132,GPS,2001-09-26,2020-02-14,132,1,1
SARAH,WOODS,699763271.0,1134.0,62,1975.0,1.0,6.0,,A000133,GPS,1975-01-06,2018-07-12,133,1,0
NANCY,ANDERSON,332822844.0,1135.0,42,1987.0,11.0,7.0,,A000134,GPS,1987-11-07,2019-03-18,134,0,0
RICHARD,MARTINEZ,745974774.0,1136.0,5,2002.0,11.0,27.0,,A000135,CPS,2002-11-27,2020-02-09,135,0,1
ANGELA,MASON,106965372.0,1137.0,51,1993.0,1.0,21.0,,A000136,GPS,1993-01-21,2022-08-12,136,1,1
BETTY,TORRES,916567007.0,1138.0,18,1975.0,7.0,8.0,2.0,A000137,CPS,1975-07-08,2022-04-26,137,0,0
SAMANTHA,PEREZ,399417992.0,1139.0,35,2003.0,1.0,12.0,,A000138,CPS,2003-01-12,2021-08-08,138,0,1
THOMAS,WASHINGTON,278237821.0,1140.0,59,2000.0,2.0,6.0,,A000139,GPS,2000-02-06,2022-10-26,139,1,0
PATRICIA,SMITH,132586383.0,1141.0,8,2002.0,10.0,6.0,3.0,A000140,GPS,2002-10-06,2022-07-04,140,1,1
HELEN,GOMEZ,347531399.0,1142.0,42,2002.0,11.0,16.0,,A000141,CPS,2002-11-16,2021-04-13,141,1,1
JOHN,BURTON,823692082.0,1143.0,15,1967.0,7.0,19.0,,A000142,CPS,1967-07-19,2022-08-22,142,1,1
MARK,HERNANDEZ,481274948.0,1144.0,24,1963.0,9.0,26.0,,A000143,CPS,1963-09-26,2020-04-13,143,1,1
JULIE,JONES,946548287.0,1145.0,67,1980.0,4.0,23.0,,A000144,GPS,1980-04-23,2018-07-28,144,1,1
PETER,JOHNSON,648532758.0,1146.0,5,1965.0,5.0,3.0,,A000145,GPS,1965-05-03,2020-12-07,145,0,0
JAMES,DAVIS,583974757.0,1147.0,65,1992.0,1.0,10.0,,A000146,CPS,1992-01-10,2022-01-14,146,1,1
BOBBY,LANE,530842010.0,1148.0,1,1980.0,9.0,16.0,,A000147,GPS,1980-09-16,2018-08-02,147,1,0
MARY,JIMENEZ,636810185.0,1149.0,15,1985.0,11.0,7.0,,A000148,GPS,1985-11-07,2021-01-13,148,0,0
DOROTHY,CLARK,136322596.0,1150.0,32,1975.0,5.0,6.0,,A000149,CPS,1975-05-06,2020-06-18,149,1,0
JOSEPH,GARDNER,963801815.0,1151.0,14,1967.0,10.0,27.0,,A000150,CPS,1967-10-27,2019-05-23,150,0,1
THOMAS,JENSEN,203468164.0,1152.0,8,1985.0,9.0,10.0,,A000151,GPS,1985-09-10,2019-08-20,151,0,0
STEPHANIE,SMITH,201423093.0,1153.0,20,1990.0,8.0,1.0,,A000152,GPS,1990-08-01,2018-06-28,152,1,0
MARY,JOHNSON,788639655.0,1154.0,40,1965.0,10.0,10.0,,A000153,CPS,1965-10-10,2021-04-04,153,0,1
MARY,RAMIREZ,732003289.0,1155.0,58,1991.0,11.0,22.0,,A000154,GPS,1991-11-22,2018-03-25,154,1,1
KEVIN,SIMMONS,552322508.0,1156.0,61,1960.0,2.0,12.0,,A000155,CPS,1960-02-12,2021-05-20,155,0,1
ELIZABETH,MARTINEZ,476474318.0,1157.0,60,1963.0,9.0,17.0,,A000156,CPS,1963-09-17,2018-02-25,156,0,0
JOHNNY,WILLIAMS,848352479.0,1158.0,45,1987.0,4.0,18.0,,A000157,CPS,1987-04-18,2021-09-01,157,1,1
JAMES,BURKE,689034700.0,1159.0,62,1968.0,7.0,24.0,,A000158,CPS,1968-07-24,2020-09-11,158,1,0
JAMES,VAZQUEZ,121967272.0,1160.0,66,1965.0,6.0,17.0,,A000159,CPS,1965-06-17,2020-04-04,159,1,1
MARY,JOHNSON,799575990.0,1161.0,32,1970.0,6.0,16.0,,A000160,CPS,1970-06-16,2019-10-05,160,0,0
NANCY,SMITH,783140486.0,1162.0,44,1997.0,11.0,20.0,,A000161,CPS,1997-11-20,2022-12-10,161,0,0
ROBERT,SILVA,938639163.0,1163.0,24,2002.0,11.0,10.0,,A000162,CPS,2002-11-10,2019-07-21,162,1,0
STEPHEN,WILLIAMS,836265092.0,1164.0,22,2002.0,1.0,3.0,,A000163,CPS,2002-01-03,2021-10-19,163,0,1
WILLIAM,HERNANDEZ,716614261.0,1165.0,63,1976.0,5.0,25.0,2.0,A000164,GPS,1976-05-25,2020-05-22,164,0,1
RACHEL,SMITH,282297727.0,1166.0,19,1969.0,2.0,21.0,,A000165,CPS,1969-02-21,2022-06-08,165,0,1
LOUIS,WILLIAMS,688692091.0,1167.0,28,1977.0,2.0,14.0,,A000166,GPS,1977-02-14,2020-03-25,166,0,1
ELIZABETH,GONZALEZ,503750923.0,1168.0,50,1967.0,10.0,7.0,,A000167,CPS,1967-10-07,2019-05-18,167,1,1
SUSAN,FOSTER,368587118.0,1169.0,55,1964.0,3.0,13.0,,A000168,CPS,1964-03-13,2020-04-13,168,0,0
RONALD,GOMEZ,200142686.0,1170.0,45,2001.0,6.0,15.0,,A000169,CPS,2001-06-15,2022-08-03,169,0,1
MICHAEL,NASH,513240791.0,1171.0,44,1968.0,11.0,1.0,,A000170,GPS,1968-11-01,2018-12-07,170,1,0
MARY,HARRIS,377277561.0,1172.0,40,1969.0,2.0,18.0,,A000171,GPS,1969-02-18,2018-07-23,171,1,0
ANNA,MARTIN,286283308.0,1173.0,15,2001.0,7.0,7.0,,A000172,CPS,2001-07-07,2020-11-05,172,0,0
RICHARD,SMITH,473415858.0,1174.0,14,1984.0,11.0,22.0,,A000173,GPS,1984-11-22,2022-03-15,173,1,0
RYAN,PEREZ,973511063.0,1175.0,34,2000.0,9.0,12.0,,A000174,GPS,2000-09-12,2018-05-02,174,0,0
STEVEN,TAYLOR,985806805.0,1176.0,54,1973.0,11.0,17.0,,A000175,GPS,1973-11-17,2018-01-09,175,1,0
LORI,JOHNSON,459104824.0,1177.0,8,2001.0,12.0,23.0,,A000176,CPS,2001-12-23,2022-09-20,176,1,1
DANIEL,GARCIA,263254464.0,1178.0,3,1994.0,6.0,14.0,,A000177,GPS,1994-06-14,2022-02-11,177,1,0
JOHN,MARTINEZ,605959391.0,1179.0,5,1970.0,2.0,25.0,,A000178,CPS,1970-02-25,2020-02-07,178,0,0
SARAH,WILSON,987248754.0,1180.0,22,1981.0,12.0,16.0,,A000179,CPS,1981-12-16,2020-05-14,179,1,1
ASHLEY,PEREZ,506362392.0,1181.0,37,1969.0,2.0,28.0,,A000180,CPS,1969-02-28,2021-02-14,180,1,0
MICHAEL,YOUNG,775808529.0,1182.0,4,1977.0,2.0,1.0,,A000181,GPS,1977-02-01,2022-10-15,181,1,0
JUSTIN,BAILEY,850136307.0,1183.0,32,1993.0,1.0,2.0,,A000182,GPS,1993-01-02,2020-10-12,182,1,0
DONNA,POTTER,838643855.0,1184.0,19,2003.0,3.0,2.0,,A000183,CPS,2003-03-02,2020-07-16,183,0,0
MELISSA,HOWARD,792034078.0,1185.0,12,2004.0,9.0,17.0,,A000184,CPS,2004-09-17,2020-09-12,184,1,1
MARY,BREWER,389927363.0,1186.0,6,1999.0,10.0,4.0,,A000185,CPS,1999-10-04,2020-04-15,185,1,0
RUSSELL,MURRAY,879869121.0,1187.0,43,1977.0,12.0,10.0,,A000186,GPS,1977-12-10,2018-09-26,186,1,1
SARAH,SCHMIDT,699497003.0,1188.0,42,1979.0,1.0,5.0,,A000187,CPS,1979-01-05,2019-02-10,187,0,0
JAMES,WELLS,698121483.0,1189.0,1,1970.0,12.0,8.0,,A000188,GPS,1970-12-08,2021-01-13,188,0,1
JAMES,TUCKER,243695316.0,1190.0,55,1968.0,3.0,28.0,,A000189,GPS,1968-03-28,2020-11-27,189,1,1
NATHAN,ROBERTS,618797685.0,1191.0,7,1998.0,7.0,16.0,,A000190,GPS,1998-07-16,2019-01-06,190,1,0
ROBERT,DIXON,101290101.0,1192.0,54,1968.0,4.0,3.0,,A000191,CPS,1968-04-03,2018-03-20,191,0,1
RUTH,SMITH,639771955.0,1193.0,16,1984.0,8.0,3.0,,A000192,CPS,1984-08-03,2021-04-22,192,1,0
JULIE,NGUYEN,763464428.0,1194.0,17,1973.0,8.0,24.0,,A000193,CPS,1973-08-24,2022-04-21,193,1,1
FRANK,LONG,211111279.0,1195.0,29,1977.0,3.0,13.0,,A000194,GPS,1977-03-13,2022-02-28,194,1,1
MICHELLE,JONES,865906934.0,1196.0,4,2002.0,10.0,25.0,,A000195,GPS,2002-10-25,2020-04-07,195,1,0
MICHELLE,GONZALEZ,186262345.0,1197.0,62,1970.0,12.0,25.0,,A000196,GPS,1970-12-25,2020-10-03,196,1,1
JENNIFER,NGUYEN,281770032.0,1198.0,32,1974.0,9.0,23.0,,A000197,GPS,1974-09-23,2021-04-14,197,1,0
JAMES,VARGAS,621234162.0,1199.0,9,1996.0,3.0,15.0,,A000198,CPS,1996-03-15,2019-10-08,198,0,1
NICHOLAS,THOMPSON,715999002.0,1200.0,34,2000.0,9.0,7.0,,A000199,GPS,2000-09-07,2022-04-12,199,1,0
JAMES,SMITH,229502784.0,1201.0,43,1969.0,11.0,24.0,3.0,A000200,CPS,1969-11-24,2018-06-28,200,0,0
JAMES,ROSE,771699391.0,1202.0,37,1974.0,2.0,12.0,,A000201,CPS,1974-02-12,2021-11-09,201,1,0
GEORGE,DANIELS,860679990.0,1203.0,49,1967.0,1.0,17.0,,A000202,CPS,1967-01-17,2022-01-25,202,1,0
RUSSELL,YOUNG,242797671.0,1204.0,47,1977.0,8.0,1.0,,A000203,GPS,1977-08-01,2019-05-11,203,0,0
PATRICIA,WILLIAMS,641308349.0,1205.0,62,1985.0,4.0,14.0,,A000204,CPS,1985-04-14,2022-05-17,204,0,1
JAMES,PRICE,614277919.0,1206.0,41,2000.0,12.0,12.0,,A000205,CPS,2000-12-12,2022-08-23,205,1,1
CHRISTINA,THOMAS,613521417.0,1207.0,9,1968.0,5.0,1.0,3.0,A000206,CPS,1968-05-01,2018-09-16,206,0,1
MARK,SANDERS,790740558.0,1208.0,52,2000.0,3.0,20.0,,A000207,GPS,2000-03-20,2020-11-03,207,1,0
DAVID,WRIGHT,185979765.0,1209.0,31,1963.0,11.0,17.0,,A000208,GPS,1963-11-17,2021-12-15,208,1,1
PATRICIA,LOPEZ,262198183.0,1210.0,58,1963.0,9.0,19.0,,A000209,GPS,1963-09-19,2020-07-06,209,1,1
REBECCA,RICHARDSON,315716852.0,1211.0,66,1963.0,5.0,28.0,,A000210,GPS,1963-05-28,2018-04-20,210,0,1
MARIA,DAVIS,892391720.0,1212.0,36,2000.0,10.0,9.0,,A000211,GPS,2000-10-09,2019-02-16,211,1,1
CHARLOTTE,SMITH,905833200.0,1213.0,16,1969.0,3.0,18.0,,A000212,CPS,1969-03-18,2018-04-01,212,1,0
MICHAEL,CAMPBELL,642200550.0,1214.0,15,1961.0,3.0,28.0,,A000213,GPS,1961-03-28,2019-12-17,213,1,0
RANDY,SOTO,900590812.0,1215.0,49,1972.0,12.0,13.0,,A000214,GPS,1972-12-13,2019-07-04,214,0,0
SUSAN,RODRIGUEZ,954310218.0,1216.0,31,1992.0,4.0,1.0,3.0,A000215,CPS,1992-04-01,2020-04-19,215,1,0
JAMES,RUIZ,772415839.0,1217.0,20,1989.0,11.0,3.0,,A000216,CPS,1989-11-03,2022-05-20,216,1,1
ROBERT,JACKSON,404293116.0,1218.0,54,1997.0,4.0,24.0,,A000217,CPS,1997-04-24,2018-12-21,217,0,1
LINDA,GARCIA,292242205.0,1219.0,23,2004.0,4.0,18.0,,A000218,GPS,2004-04-18,2022-04-02,218,1,0
JAMES,ANDERSON,369175112.0,1220.0,56,1962.0,7.0,16.0,,A000219,GPS,1962-07-16,2018-04-26,219,1,1
MATTHEW,JOHNSON,852042925.0,1221.0,38,1975.0,3.0,6.0,,A000220,GPS,1975-03-06,2019-12-14,220,0,1
JAMES,GUZMAN,166696704.0,1222.0,53,1960.0,4.0,11.0,,A000221,GPS,1960-04-11,2020-09-22,221,0,0
JAMES,JONES,114973546.0,1223.0,46,2002.0,3.0,20.0,,A000222,GPS,2002-03-20,2020-01-03,222,0,0
DOROTHY,SIMMONS,936562089.0,1224.0,18,1988.0,11.0,1.0,,A000223,CPS,1988-11-01,2019-05-18,223,0,1
JAMES,SIMPSON,111429863.0,1225.0,30,2003.0,12.0,21.0,,A000224,GPS,2003-12-21,2020-04-07,224,0,1
ALEXANDER,FERNANDEZ,450620480.0,1226.0,16,1983.0,5.0,9.0,3.0,A000225,CPS,1983-05-09,2021-03-21,225,1,0
JAMES,ARNOLD,283004672.0,1227.0,3,1974.0,11.0,12.0,,A000226,CPS,1974-11-12,2020-02-28,226,1,0
JAMES,BROWN,579518964.0,1228.0,49,1979.0,3.0,22.0,,A000227,GPS,1979-03-22,2018-04-11,227,0,1
KAREN,ALVARADO,366478035.0,1229.0,45,1979.0,10.0,8.0,,A000228,GPS,1979-10-08,2018-01-11,228,1,1
JEREMY,SMITH,250735416.0,1230.0,2,1998.0,3.0,22.0,1.0,A000229,GPS,1998-03-22,2022-12-17,229,0,0
MARY,JOHNSON,567190100.0,1231.0,34,1964.0,8.0,28.0,3.0,A000230,CPS,1964-08-28,2021-07-28,230,1,1
JAMES,ALVAREZ,532696354.0,1232.0,46,1998.0,10.0,23.0,,A000231,CPS,1998-10-23,2021-09-15,231,0,1
JENNIFER,HERNANDEZ,291026435.0,1233.0,7,1992.0,6.0,7.0,,A000232,GPS,1992-06-07,2021-12-23,232,0,1
ROBERT,GARCIA,367867533.0,1234.0,12,1972.0,6.0,21.0,,A000233,GPS,1972-06-21,2019-08-02,233,1,0
ERIC,JOHNSON,711167559.0,1235.0,59,1977.0,2.0,25.0,,A000234,CPS,1977-02-25,2020-08-08,234,0,1
JAMES,CRAWFORD,635883327.0,1236.0,65,1984.0,6.0,12.0,,A000235,CPS,1984-06-12,2022-04-14,235,1,1
KEVIN,PETERSON,417547471.0,1237.0,49,1973.0,7.0,1.0,,A000236,GPS,1973-07-01,2020-12-14,236,0,0
JAMES,ROMERO,140280110.0,1238.0,58,1984.0,10.0,7.0,,A000237,CPS,1984-10-07,2021-12-14,237,1,0
PETER,HARRISON,296463347.0,1239.0,39,1995.0,6.0,5.0,,A000238,CPS,1995-06-05,2018-02-07,238,0,1
BARBARA,ALLEN,126057314.0,1240.0,6,1972.0,8.0,23.0,,A000239,GPS,1972-08-23,2022-11-05,239,0,0
ROBERT,WHITE,458338391.0,1241.0,22,1989.0,9.0,7.0,,A000240,GPS,1989-09-07,2021-12-27,240,1,0
KAREN,TURNER,932592694.0,1242.0,54,2001.0,12.0,11.0,,A000241,CPS,2001-12-11,2018-09-11,241,1,1
ELIZABETH,LEWIS,933317763.0,1243.0,3,2002.0,7.0,6.0,,A000242,GPS,2002-07-06,2018-11-12,242,1,0
RICHARD,MEDINA,936019095.0,1244.0,44,1999.0,5.0,4.0,,A000243,CPS,1999-05-04,2019-01-15,243,1,1
MICHELLE,MARTINEZ,432986910.0,1245.0,43,2001.0,9.0,17.0,,A000244,GPS,2001-09-17,2021-12-16,244,0,1
TIMOTHY,GONZALES,342169346.0,1246.0,53,1993.0,7.0,27.0,,A000245,CPS,1993-07-27,2018-10-03,245,0,1
MARY,MARTINEZ,528768123.0,1247.0,16,1994.0,4.0,13.0,,A000246,CPS,1994-04-13,2021-05-16,246,1,1
MATTHEW,YOUNG,691543910.0,1248.0,40,1983.0,4.0,3.0,2.0,A000247,CPS,1983-04-03,2021-11-09,247,0,1
HAROLD,HOFFMAN,394812131.0,1249.0,14,1994.0,8.0,7.0,,A000248,GPS,1994-08-07,2018-03-17,248,1,0
MELISSA,WASHINGTON,843227283.0,1250.0,50,2002.0,11.0,20.0,,A000249,CPS,2002-11-20,2020-04-05,249,1,1
KEVIN,TURNER,494678113.0,1251.0,54,1978.0,5.0,17.0,,A000250,CPS,1978-05-17,2018-05-08,250,0,0
AMANDA,GARCIA,484171427.0,1252.0,5,1969.0,2.0,20.0,,A000251,GPS,1969-02-20,2021-10-12,251,1,1
JAMES,WEBB,831432198.0,1253.0,1,1991.0,11.0,4.0,,A000252,GPS,1991-11-04,2021-04-27,252,1,1
DANIEL,SANDERS,829110001.0,1254.0,26,1963.0,9.0,9.0,,A000253,GPS,1963-09-09,2020-03-16,253,1,1
OLIVIA,GONZALEZ,507890880.0,1255.0,56,1988.0,3.0,22.0,,A000254,CPS,1988-03-22,2021-06-17,254,0,0
NICOLE,JOHNSON,943705340.0,1256.0,10,1993.0,3.0,20.0,1.0,A000255,GPS,1993-03-20,2022-02-27,255,1,0
RONALD,ANDERSON,370713404.0,1257.0,6,1961.0,7.0,3.0,,A000256,GPS,1961-07-03,2021-06-14,256,1,1
SHARON,PETERSON,595995059.0,1258.0,16,1969.0,12.0,1.0,,A000257,CPS,1969-12-01,2020-04-06,257,0,1
JAMES,FORD,574580392.0,1259.0,53,1995.0,10.0,18.0,,A000258,GPS,1995-10-18,2020-05-23,258,0,1
DONALD,ROSS,732960731.0,1260.0,31,1983.0,4.0,15.0,,A000259,GPS,1983-04-15,2018-12-17,259,0,0
JERRY,MOORE,151907706.0,1261.0,58,1993.0,11.0,5.0,,A000260,GPS,1993-11-05,2022-10-20,260,0,1
HELEN,PORTER,513791946.0,1262.0,37,1988.0,7.0,15.0,,A000261,CPS,1988-07-15,2018-12-16,261,0,1
JACQUELINE,HILL,924680404.0,1263.0,55,1966.0,7.0,19.0,,A000262,GPS,1966-07-19,2018-10-16,262,1,0
MEGAN,DOUGLAS,444528837.0,1264.0,18,2003.0,11.0,6.0,,A000263,GPS,2003-11-06,2021-12-01,263,1,0
JAMES,MILLER,321461270.0,1265.0,14,1962.0,3.0,15.0,,A000264,CPS,1962-03-15,2020-05-02,264,0,0
CYNTHIA,WELLS,198094439.0,1266.0,66,1972.0,1.0,5.0,,A000265,GPS,1972-01-05,2019-01-13,265,0,1
SUSAN,ROGERS,560663637.0,1267.0,39,1980.0,1.0,4.0,,A000266,GPS,1980-01-04,2022-07-15,266,1,0
DAVID,FREEMAN,698990879.0,1268.0,9,1969.0,1.0,25.0,3.0,A000267,GPS,1969-01-25,2021-01-22,267,1,0
JENNIFER,ANDERSON,158936537.0,1269.0,43,1986.0,9.0,14.0,,A000268,CPS,1986-09-14,2020-01-13,268,0,0
ISABELLA,JONES,418606631.0,1270.0,22,1998.0,11.0,12.0,,A000269,CPS,1998-11-12,2021-04-01,269,1,0
MARK,GARCIA,379192226.0,1271.0,16,1963.0,10.0,15.0,,A000270,CPS,1963-10-15,2022-01-09,270,0,0
MELISSA,BROWN,463032557.0,1272.0,18,1990.0,3.0,9.0,,A000271,GPS,1990-03-09,2018-04-18,271,1,1
MARY,ADAMS,123851969.0,1273.0,31,1962.0,7.0,14.0,,A000272,CPS,1962-07-14,2022-11-18,272,1,0
RICHARD,RAMIREZ,427942568.0,1274.0,39,1985.0,6.0,15.0,,A000273,CPS,1985-06-15,2019-06-12,273,1,1
LINDA,ARMSTRONG,967915045.0,1275.0,66,1983.0,8.0,3.0,,A000274,GPS,1983-08-03,2022-04-13,274,0,1
DANIEL,SMITH,169801403.0,1276.0,38,1964.0,8.0,24.0,,A000275,CPS,1964-08-24,2019-02-10,275,0,1
ROBERT,WASHINGTON,812721497.0,1277.0,38,1963.0,11.0,23.0,,A000276,CPS,1963-11-23,2021-03-27,276,1,1
MADISON,EVANS,619379403.0,1278.0,45,1960.0,6.0,5.0,,A000277,CPS,1960-06-05,2022-05-15,277,0,1
NANCY,CRAWFORD,808915014.0,1279.0,35,1976.0,9.0,20.0,,A000278,GPS,1976-09-20,2022-06-27,278,0,0
JANET,SMITH,847905125.0,1280.0,61,2003.0,2.0,27.0,,A000279,GPS,2003-02-27,2022-06-19,279,0,1
RAY,JOHNSON,233067071.0,1281.0,51,2001.0,10.0,11.0,,A000280,CPS,2001-10-11,2022-09-21,280,1,0
ALEXANDER,JONES,257527591.0,1282.0,52,1972.0,12.0,1.0,,A000281,GPS,1972-12-01,2018-05-21,281,0,0
RICHARD,HENDERSON,752820952.0,1283.0,13,1996.0,6.0,5.0,,A000282,GPS,1996-06-05,2020-09-07,282,0,1
ALEXANDER,PARKER,480878590.0,1284.0,6,2000.0,5.0,10.0,,A000283,GPS,2000-05-10,2020-11-02,283,0,0
ANTHONY,COLLINS,644050007.0,1285.0,42,1974.0,6.0,27.0,,A000284,GPS,1974-06-27,2021-12-01,284,0,0
JAMES,BROWN,287243679.0,1286.0,63,2002.0,4.0,10.0,,A000285,CPS,2002-04-10,2021-05-17,285,0,0
JAMES,PERRY,230419336.0,1287.0,15,1973.0,10.0,11.0,,A000286,CPS,1973-10-11,2022-11-12,286,1,1
MICHAEL,ARNOLD,887180811.0,1288.0,65,1996.0,2.0,28.0,,A000287,CPS,1996-02-28,2018-02-04,287,0,1
MARY,GARCIA,282351752.0,1289.0,7,1960.0,12.0,14.0,,A000288,CPS,1960-12-14,2020-03-19,288,0,0
JASON,HARRIS,352549658.0,1290.0,46,1976.0,8.0,24.0,,A000289,CPS,1976-08-24,2022-07-20,289,1,1
PATRICIA,BROWN,589620606.0,1291.0,8,1980.0,11.0,27.0,,A000290,CPS,1980-11-27,2020-01-23,290,0,1
PETER,WRIGHT,364195050.0,1292.0,37,1992.0,4.0,5.0,,A000291,GPS,1992-04-05,2022-01-19,291,0,0
GARY,WATSON,420344536.0,1293.0,53,1981.0,4.0,12.0,,A000292,CPS,1981-04-12,2018-10-12,292,0,1
WILLIAM,NICHOLS,750900502.0,1294.0,51,1962.0,8.0,7.0,,A000293,CPS,1962-08-07,2018-04-22,293,0,0
ADAM,WATKINS,778891597.0,1295.0,3,1963.0,5.0,21.0,,A000294,CPS,1963-05-21,2021-01-06,294,0,0
JENNIFER,FLORES,536478238.0,1296.0,46,1981.0,10.0,6.0,,A000295,GPS,1981-10-06,2020-10-23,295,1,0
JAMES,JOHNSON,186122058.0,1297.0,16,1995.0,2.0,21.0,,A000296,CPS,1995-02-21,2019-11-01,296,1,1
BARBARA,MOORE,697513572.0,1298.0,27,1977.0,12.0,17.0,,A000297,CPS,1977-12-17,2022-04-04,297,1,0
JESSICA,RODRIGUEZ,300495428.0,1299.0,32,1999.0,7.0,2.0,,A000298,GPS,1999-07-02,2020-11-22,298,1,1
WILLIAM,DAVIS,342676877.0,1300.0,9,1982.0,8.0,25.0,,A000299,GPS,1982-08-25,2022-10-09,299,0,0
RICHARD,MARTIN,613596154.0,1301.0,6,1972.0,1.0,18.0,,A000300,GPS,1972-01-18,2019-09-15,300,1,1
MATTHEW,THOMPSON,153669595.0,1302.0,22,2002.0,5.0,20.0,,A000301,GPS,2002-05-20,2018-12-14,301,0,1
JAMES,CRAWFORD,372558362.0,1303.0,50,1994.0,2.0,2.0,,A000302,CPS,1994-02-02,2020-04-21,302,1,1
ASHLEY,WILLIAMS,898589630.0,1304.0,9,1981.0,11.0,11.0,,A000303,GPS,1981-11-11,2022-02-14,303,1,1
MARY,JOHNSON,771380835.0,1305.0,36,1992.0,1.0,19.0,,A000304,CPS,1992-01-19,2021-02-20,304,1,1
JOHN,SMITH,566256960.0,1306.0,12,1985.0,3.0,15.0,,A000305,GPS,1985-03-15,2018-01-27,305,0,1
MARY,WELLS,718310895.0,1307.0,47,2001.0,7.0,28.0,,A000306,CPS,2001-07-28,2019-04-10,306,0,0
MARY,WILSON,242227918.0,1308.0,55,1974.0,12.0,16.0,,A000307,CPS,1974-12-16,2018-08-13,307,1,1
LINDA,MORENO,972648286.0,1309.0,4,1996.0,9.0,2.0,,A000308,GPS,1996-09-02,2018-02-10,308,0,1
RACHEL,MYERS,715577839.0,1310.0,55,1997.0,6.0,10.0,,A000309,CPS,1997-06-10,2022-11-16,309,1,0
JESSICA,JACKSON,352539876.0,1311.0,5,1963.0,3.0,6.0,,A000310,GPS,1963-03-06,2020-04-04,310,0,0
CHERYL,BROOKS,922418394.0,1312.0,25,1990.0,12.0,28.0,,A000311,CPS,1990-12-28,2022-02-11,311,1,0
SARAH,LEE,720483810.0,1313.0,21,1965.0,9.0,6.0,,A000312,CPS,1965-09-06,2019-06-06,312,0,0
EMILY,TORRES,442219509.0,1314.0,57,1979.0,1.0,7.0,,A000313,CPS,1979-01-07,2018-03-21,313,0,1
JAMES,DUNN,378054118.0,1315.0,50,1990.0,3.0,21.0,,A000314,GPS,1990-03-21,2020-12-17,314,0,0
TYLER,JOHNSON,725692838.0,1316.0,1,1975.0,5.0,2.0,,A000315,CPS,1975-05-02,2019-06-15,315,1,0
KATHLEEN,RAMIREZ,789576741.0,1317.0,25,1963.0,5.0,6.0,,A000316,CPS,1963-05-06,2020-05-11,316,1,1
ROBERT,ROGERS,156351632.0,1318.0,27,1965.0,2.0,17.0,,A000317,CPS,1965-02-17,2020-12-28,317,1,0
LARRY,ALLEN,652868201.0,1319.0,2,2003.0,6.0,15.0,,A000318,GPS,2003-06-15,2022-04-09,318,0,0
GEORGE,ADAMS,746518236.0,1320.0,43,1975.0,1.0,1.0,,A000319,CPS,1975-01-01,2022-08-12,319,1,0
ROBERT,DELGADO,152781859.0,1321.0,19,1998.0,1.0,28.0,,A000320,CPS,1998-01-28,2019-07-07,320,1,0
MARY,ROBINSON,518335372.0,1322.0,49,2001.0,6.0,8.0,,A000321,GPS,2001-06-08,2021-08-06,321,0,1
PAUL,MARTINEZ,366568344.0,1323.0,59,1964.0,2.0,15.0,,A000322,GPS,1964-02-15,2021-11-04,322,1,0
JAMES,SMITH,852390842.0,1324.0,41,1963.0,5.0,28.0,,A000323,CPS,1963-05-28,2020-05-20,323,1,1
MICHAEL,RAMOS,311643693.0,1325.0,42,1965.0,6.0,13.0,,A000324,GPS,1965-06-13,2019-01-12,324,1,0
MARTHA,MARTINEZ,712862160.0,1326.0,64,1992.0,7.0,6.0,,A000325,GPS,1992-07-06,2021-05-23,325,1,0
DEBORAH,SMITH,308238549.0,1327.0,59,1978.0,10.0,20.0,,A000326,CPS,1978-10-20,2019-05-28,326,1,1
CHARLES,ELLIOTT,464827521.0,1328.0,12,1991.0,7.0,19.0,,A000327,GPS,1991-07-19,2021-01-13,327,1,1
MICHAEL,SMITH,920809715.0,1329.0,48,2000.0,9.0,16.0,,A000328,GPS,2000-09-16,2020-02-25,328,1,0
RACHEL,RUSSELL,305935753.0,1330.0,66,1960.0,12.0,7.0,,A000329,CPS,1960-12-07,2022-05-14,329,1,0
MARIA,EVANS,219836866.0,1331.0,38,1976.0,8.0,28.0,,A000330,GPS,1976-08-28,2020-11-18,330,0,0
CHRISTOPHER,MARTINEZ,543453578.0,1332.0,56,1986.0,1.0,21.0,,A000331,CPS,1986-01-21,2018-09-18,331,1,1
JAMES,NELSON,261668741.0,1333.0,28,1999.0,10.0,21.0,,A000332,GPS,1999-10-21,2022-01-04,332,1,0
SUSAN,FOX,993999202.0,1334.0,14,2000.0,8.0,10.0,,A000333,CPS,2000-08-10,2022-01-06,333,1,1
HELEN,JOHNSON,197189933.0,1335.0,3,1990.0,9.0,13.0,,A000334,GPS,1990-09-13,2018-05-20,334,0,1
MARY,GONZALES,758983897.0,1336.0,52,1967.0,1.0,17.0,,A000335,CPS,1967-01-17,2021-12-25,335,1,1
JONATHAN,SANDERS,543707612.0,1337.0,36,2000.0,2.0,19.0,,A000336,GPS,2000-02-19,2022-05-18,336,1,1
JIMMY,BAKER,384251522.0,1338.0,49,1993.0,4.0,23.0,,A000337,CPS,1993-04-23,2021-06-01,337,0,1
JOSEPH,SIMMONS,515619570.0,1339.0,15,1965.0,7.0,15.0,,A000338,CPS,1965-07-15,2018-12-12,338,1,1
SARA,MILLER,685998840.0,1340.0,4,1995.0,10.0,12.0,,A000339,CPS,1995-10-12,2019-10-15,339,1,0
SAMANTHA,JAMES,757328593.0,1341.0,60,1971.0,11.0,22.0,,A000340,GPS,1971-11-22,2019-05-03,340,0,0
ELIZABETH,WILLIAMS,759943798.0,1342.0,54,1983.0,7.0,2.0,,A000341,GPS,1983-07-02,2021-09-28,341,0,1
KIMBERLY,JOHNSON,611395482.0,1343.0,6,1983.0,4.0,20.0,,A000342,CPS,1983-04-20,2020-08-11,342,0,1
ROBERT,SIMMONS,176465676.0,1344.0,35,1989.0,10.0,28.0,,A000343,GPS,1989-10-28,2022-01-21,343,1,1
LINDA,RICHARDSON,229038814.0,1345.0,53,1994.0,5.0,27.0,,A000344,GPS,1994-05-27,2021-12-19,344,1,0
OLIVIA,VASQUEZ,560629103.0,1346.0,59,1978.0,12.0,18.0,,A000345,CPS,1978-12-18,2020-05-01,345,1,1
RACHEL,MOORE,108502546.0,1347.0,1,1989.0,4.0,26.0,,A000346,GPS,1989-04-26,2022-07-13,346,1,1
DOUGLAS,SMITH,439414208.0,1348.0,30,1999.0,10.0,11.0,,A000347,GPS,1999-10-11,2019-09-14,347,1,1
AARON,RAMIREZ,617059976.0,1349.0,61,1980.0,12.0,16.0,,A000348,CPS,1980-12-16,2018-02-06,348,0,1
SHARON,HARPER,600640848.0,1350.0,25,1977.0,6.0,3.0,,A000349,CPS,1977-06-03,2021-07-08,349,1,0
ASHLEY,COLLINS,852259691.0,1351.0,8,1986.0,2.0,24.0,,A000350,CPS,1986-02-24,2019-04-04,350,1,0
MARY,SANCHEZ,819470103.0,1352.0,39,1979.0,1.0,7.0,,A000351,GPS,1979-01-07,2022-07-16,351,1,0
SOPHIA,MILLER,857536177.0,1353.0,25,1960.0,11.0,18.0,,A000352,CPS,1960-11-18,2018-10-13,352,1,1
ANTHONY,SMITH,971207488.0,1354.0,62,1990.0,6.0,20.0,,A000353,CPS,1990-06-20,2020-03-02,353,1,0
WILLIAM,MEYER,420950399.0,1355.0,5,1978.0,10.0,5.0,,A000354,CPS,1978-10-05,2021-07-12,354,0,1
KAREN,BROWN,881410704.0,1356.0,1,1982.0,11.0,13.0,,A000355,GPS,1982-11-13,2020-07-07,355,1,1
DANIELLE,HUDSON,527344533.0,1357.0,63,1979.0,9.0,16.0,,A000356,GPS,1979-09-16,2019-11-17,356,1,1
ALEXANDER,SMITH,400811279.0,1358.0,24,2003.0,7.0,15.0,,A000357,CPS,2003-07-15,2020-10-06,357,1,1
ROBERT,BROOKS,270173574.0,1359.0,58,1981.0,8.0,17.0,,A000358,CPS,1981-08-17,2018-08-25,358,0,0
MICHELLE,RODRIGUEZ,491483834.0,1360.0,3,1993.0,8.0,4.0,,A000359,GPS,1993-08-04,2021-02-09,359,0,0
PETER,RODRIGUEZ,528364687.0,1361.0,60,1963.0,5.0,2.0,,A000360,CPS,1963-05-02,2022-07-17,360,0,1
JAMES,WILLIAMS,724597583.0,1362.0,56,1986.0,11.0,3.0,,A000361,CPS,1986-11-03,2020-02-06,361,1,0
SARA,SMITH,279287306.0,1363.0,14,1966.0,8.0,2.0,,A000362,CPS,1966-08-02,2022-03-21,362,0,1
RYAN,DUNN,230818270.0,1364.0,50,1965.0,1.0,16.0,,A000363,CPS,1965-01-16,2022-07-03,363,0,0
VINCENT,WILSON,804642647.0,1365.0,41,1999.0,7.0,6.0,,A000364,GPS,1999-07-06,2019-05-05,364,0,0
ANDREW,PHILLIPS,628491408.0,1366.0,17,1963.0,4.0,28.0,,A000365,CPS,1963-04-28,2022-10-10,365,0,0
MARY,HUNTER,355015385.0,1367.0,41,1989.0,10.0,17.0,,A000366,CPS,1989-10-17,2022-03-23,366,1,0
JAMES,SMITH,546046216.0,1368.0,9,1992.0,9.0,5.0,,A000367,CPS,1992-09-05,2021-06-10,367,1,1
MARGARET,ROGERS,156658797.0,1369.0,13,1988.0,7.0,20.0,,A000368,GPS,1988-07-20,2018-01-09,368,0,1
JAMES,GARRETT,170071605.0,1370.0,63,1975.0,8.0,10.0,,A000369,CPS,1975-08-10,2019-09-26,369,0,0
MELISSA,BROWN,838476176.0,1371.0,27,1990.0,7.0,10.0,1.0,A000370,CPS,1990-07-10,2020-01-18,370,1,1
BRANDON,SOTO,550933962.0,1372.0,40,1987.0,10.0,24.0,,A000371,GPS,1987-10-24,2021-03-23,371,0,1
DEBORAH,MARTINEZ,651144921.0,1373.0,20,2001.0,6.0,23.0,,A000372,GPS,2001-06-23,2019-04-10,372,1,1
RICHARD,WILLIAMS,921507359.0,1374.0,9,2004.0,8.0,2.0,,A000373,GPS,2004-08-02,2019-09-12,373,1,1
KATHERINE,MILLER,735408952.0,1375.0,50,2001.0,6.0,2.0,,A000374,CPS,2001-06-02,2020-10-03,374,0,0
CHRISTOPHER,LOPEZ,955791732.0,1376.0,37,1991.0,4.0,21.0,,A000375,GPS,1991-04-21,2021-02-05,375,0,0
KATHERINE,FERGUSON,689532151.0,1377.0,13,1983.0,7.0,10.0,3.0,A000376,GPS,1983-07-10,2020-09-16,376,0,0
MARY,FLORES,174166487.0,1378.0,41,1986.0,7.0,8.0,,A000377,CPS,1986-07-08,2018-10-14,377,1,1
JENNIFER,SMITH,584816723.0,1379.0,12,1961.0,4.0,17.0,,A000378,GPS,1961-04-17,2022-10-04,378,0,0
MARY,MILLER,717833143.0,1380.0,67,1974.0,6.0,10.0,,A000379,CPS,1974-06-10,2020-02-10,379,1,1
HENRY,BARNES,458509939.0,1381.0,41,1982.0,3.0,25.0,,A000380,GPS,1982-03-25,2020-02-04,380,0,1
WAYNE,WOLFE,109759474.0,1382.0,64,1963.0,4.0,8.0,,A000381,CPS,1963-04-08,2018-06-07,381,0,1
JOSHUA,SANCHEZ,304185011.0,1383.0,10,1998.0,8.0,3.0,,A000382,CPS,1998-08-03,2020-12-27,382,1,1
JOSEPH,MOORE,857862364.0,1384.0,28,1995.0,3.0,23.0,,A000383,CPS,1995-03-23,2018-11-20,383,1,0
BRANDON,MORALES,172462043.0,1385.0,19,1991.0,6.0,14.0,,A000384,GPS,1991-06-14,2022-08-03,384,0,0
AMY,BROWN,224904778.0,1386.0,39,1963.0,10.0,26.0,,A000385,GPS,1963-10-26,2019-04-11,385,0,1
ELIZABETH,DAVIS,802284185.0,1387.0,54,1985.0,12.0,4.0,3.0,A000386,CPS,1985-12-04,2018-04-26,386,1,1
JACQUELINE,TAYLOR,546085259.0,1388.0,67,2001.0,3.0,10.0,,A000387,GPS,2001-03-10,2021-07-27,387,1,0
SUSAN,BROWN,678088783.0,1389.0,12,2000.0,5.0,20.0,,A000388,CPS,2000-05-20,2019-06-18,388,0,0
JAMES,ROGERS,139679690.0,1390.0,28,1991.0,1.0,9.0,,A000389,GPS,1991-01-09,2018-03-24,389,1,1
JENNIFER,WARD,792740932.0,1391.0,52,1995.0,5.0,5.0,,A000390,CPS,1995-05-05,2019-08-07,390,0,0
BARBARA,BURNS,473431039.0,1392.0,64,2002.0,1.0,21.0,,A000391,CPS,2002-01-21,2020-11-14,391,1,0
THOMAS,DOUGLAS,205812094.0,1393.0,10,1986.0,6.0,22.0,,A000392,CPS,1986-06-22,2018-05-23,392,1,1
JOSEPH,ROBINSON,846040318.0,1394.0,56,1961.0,8.0,26.0,,A000393,CPS,1961-08-26,2018-06-19,393,0,0
ANNA,MARTINEZ,135001506.0,1395.0,58,1985.0,8.0,13.0,,A000394,GPS,1985-08-13,2020-10-03,394,0,0
EMMA,BROWN,262662350.0,1396.0,67,1979.0,6.0,23.0,,A000395,GPS,1979-06-23,2020-07-02,395,0,1
HAROLD,CLARK,610157967.0,1397.0,15,1994.0,2.0,17.0,,A000396,CPS,1994-02-17,2019-11-25,396,0,0
DANIEL,GREEN,751889338.0,1398.0,67,1987.0,8.0,1.0,,A000397,GPS,1987-08-01,2020-04-06,397,1,0
ZACHARY,TORRES,970378697.0,1399.0,21,1973.0,4.0,21.0,,A000398,CPS,1973-04-21,2022-01-15,398,0,1
CAROLYN,JONES,587094790.0,1400.0,36,1983.0,4.0,11.0,,A000399,GPS,1983-04-11,2022-07-25,399,0,0
JAMES,HERNANDEZ,884003862.0,1401.0,23,1990.0,10.0,16.0,,A000400,CPS,1990-10-16,2019-02-16,400,0,1
NICHOLAS,BUTLER,904035501.0,1402.0,28,1965.0,11.0,1.0,,A000401,GPS,1965-11-01,2019-10-07,401,1,1
WILLIE,COOK,868026367.0,1403.0,16,1964.0,6.0,21.0,1.0,A000402,CPS,1964-06-21,2018-02-09,402,0,1
JENNIFER,HOWARD,303232093.0,1404.0,26,1975.0,10.0,7.0,,A000403,CPS,1975-10-07,2022-07-24,403,1,1
PATRICIA,BROWN,202962372.0,1405.0,38,1992.0,5.0,8.0,,A000404,GPS,1992-05-08,2020-07-26,404,0,0
MATTHEW,COOK,353494787.0,1406.0,4,1966.0,9.0,11.0,,A000405,GPS,1966-09-11,2020-06-19,405,1,1
JENNIFER,JOHNSON,204054322.0,1407.0,65,1962.0,1.0,20.0,,A000406,CPS,1962-01-20,2020-12-11,406,0,1
DOROTHY,BLAKE,632846528.0,1408.0,67,1980.0,3.0,15.0,,A000407,GPS,1980-03-15,2022-03-15,407,1,1
TIMOTHY,HAYNES,334549362.0,1409.0,47,1976.0,7.0,4.0,,A000408,GPS,1976-07-04,2021-11-20,408,1,1
MARGARET,JOHNSON,663043914.0,1410.0,64,1979.0,8.0,23.0,,A000409,GPS,1979-08-23,2019-11-09,409,1,1
ADAM,THOMPSON,386837945.0,1411.0,60,1990.0,9.0,8.0,,A000410,GPS,1990-09-08,2019-03-26,410,0,1
CHRISTINE,SMITH,540458070.0,1412.0,17,2000.0,12.0,15.0,,A000411,CPS,2000-12-15,2018-04-27,411,0,0
LINDA,JOHNSON,334403058.0,1413.0,55,1994.0,1.0,12.0,,A000412,GPS,1994-01-12,2022-07-17,412,0,0
JAMES,MARSHALL,691546416.0,1414.0,28,1964.0,6.0,26.0,,A000413,GPS,1964-06-26,2018-03-21,413,0,1
DEBORAH,BURKE,107084432.0,1415.0,53,1990.0,1.0,26.0,2.0,A000414,GPS,1990-01-26,2019-03-11,414,0,1
JAMES,MENDEZ,151287933.0,1416.0,13,1973.0,2.0,19.0,,A000415,CPS,1973-02-19,2020-09-27,415,1,1
ASHLEY,ROGERS,154636736.0,1417.0,55,1962.0,2.0,24.0,,A000416,GPS,1962-02-24,2018-07-15,416,1,0
MARY,PETERSON,458123224.0,1418.0,17,1990.0,7.0,27.0,,A000417,GPS,1990-07-27,2021-11-15,417,0,1
MARY,GEORGE,734007347.0,1419.0,38,1974.0,2.0,24.0,,A000418,CPS,1974-02-24,2021-10-06,418,1,0
MICHELLE,RODRIGUEZ,962004043.0,1420.0,18,1972.0,4.0,26.0,,A000419,GPS,1972-04-26,2022-07-07,419,0,0
MARY,VARGAS,226123598.0,1421.0,49,1972.0,12.0,11.0,2.0,A000420,CPS,1972-12-11,2021-12-27,420,1,0
RANDY,WILLIAMS,205106579.0,1422.0,64,1998.0,6.0,11.0,,A000421,CPS,1998-06-11,2019-06-18,421,1,1
MARY,CLARK,475594248.0,1423.0,54,1995.0,10.0,13.0,,A000422,GPS,1995-10-13,2021-07-21,422,0,1
PATRICIA,WEBB,862693472.0,1424.0,44,1970.0,8.0,20.0,,A000423,GPS,1970-08-20,2022-02-17,423,0,1
LINDA,WILSON,402340337.0,1425.0,67,1976.0,11.0,15.0,1.0,A000424,GPS,1976-11-15,2020-11-18,424,1,0
JAMES,ADAMS,610392539.0,1426.0,48,1974.0,4.0,16.0,,A000425,GPS,1974-04-16,2019-09-09,425,1,1
JESSICA,CHEN,771044920.0,1427.0,39,2004.0,12.0,23.0,,A000426,GPS,2004-12-23,2021-09-01,426,1,1
ROBERT,WALKER,865142984.0,1428.0,21,1992.0,8.0,11.0,,A000427,GPS,1992-08-11,2018-07-10,427,0,0
MARY,NORRIS,394292324.0,1429.0,13,2002.0,3.0,4.0,,A000428,GPS,2002-03-04,2019-08-13,428,1,0
AMBER,RIVERA,174156375.0,1430.0,3,1974.0,12.0,8.0,,A000429,CPS,1974-12-08,2022-09-02,429,1,1
DEBRA,ROMERO,102264670.0,1431.0,42,1966.0,5.0,25.0,,A000430,CPS,1966-05-25,2020-03-24,430,0,1
JENNIFER,FRAZIER,126684584.0,1432.0,22,1963.0,6.0,22.0,,A000431,CPS,1963-06-22,2018-03-16,431,1,0
ROBERT,MOORE,269174241.0,1433.0,44,1997.0,3.0,15.0,,A000432,CPS,1997-03-15,2021-11-24,432,0,0
AMY,OLSON,736281686.0,1434.0,48,1996.0,4.0,10.0,,A000433,GPS,1996-04-10,2019-12-24,433,0,1
REBECCA,BROWN,112803129.0,1435.0,65,1967.0,9.0,12.0,,A000434,GPS,1967-09-12,2019-07-11,434,0,0
BRUCE,MOORE,968272261.0,1436.0,44,1967.0,7.0,5.0,,A000435,GPS,1967-07-05,2021-12-12,435,0,0
RALPH,DANIELS,289394723.0,1437.0,66,1965.0,4.0,4.0,,A000436,GPS,1965-04-04,2019-01-07,436,1,0
JUSTIN,HARRIS,938683851.0,1438.0,13,1991.0,5.0,28.0,,A000437,CPS,1991-05-28,2021-06-27,437,1,0
SUSAN,FISHER,180494227.0,1439.0,3,1969.0,1.0,24.0,,A000438,CPS,1969-01-24,2018-11-27,438,0,0
CHRISTOPHER,CHEN,304230157.0,1440.0,45,1966.0,9.0,20.0,,A000439,CPS,1966-09-20,2021-03-24,439,1,0
JAMES,BROWN,999315761.0,1441.0,22,1986.0,4.0,19.0,,A000440,CPS,1986-04-19,2019-06-08,440,0,1
BARBARA,DIXON,425662716.0,1442.0,36,1962.0,10.0,14.0,,A000441,CPS,1962-10-14,2019-04-09,441,1,1
MARY,ALLEN,428227316.0,1443.0,40,2000.0,5.0,21.0,,A000442,CPS,2000-05-21,2020-03-21,442,1,0
JAMES,COX,645493773.0,1444.0,55,1991.0,7.0,2.0,,A000443,GPS,1991-07-02,2020-01-17,443,0,0
FRANK,BENNETT,540307942.0,1445.0,9,1971.0,4.0,4.0,,A000444,CPS,1971-04-04,2021-09-20,444,1,0
ELIZABETH,COLEMAN,374213196.0,1446.0,3,1972.0,2.0,19.0,,A000445,GPS,1972-02-19,2020-11-14,445,1,1
MARGARET,ROSS,606749742.0,1447.0,56,1961.0,7.0,8.0,,A000446,GPS,1961-07-08,2019-11-01,446,0,1
MARGARET,JOHNSON,442705653.0,1448.0,52,1977.0,6.0,1.0,,A000447,CPS,1977-06-01,2018-10-27,447,0,1
GABRIEL,SMITH,477061654.0,1449.0,16,1986.0,10.0,8.0,3.0,A000448,GPS,1986-10-08,2019-02-12,448,1,0
MARTHA,JONES,175323511.0,1450.0,2,1964.0,10.0,5.0,,A000449,GPS,1964-10-05,2020-04-13,449,1,0
JOHN,LEE,398278954.0,1451.0,51,1991.0,9.0,10.0,,A000450,CPS,1991-09-10,2020-08-26,450,0,1
ARTHUR,HENDERSON,534562177.0,1452.0,55,1978.0,3.0,16.0,,A000451,CPS,1978-03-16,2022-07-22,451,1,0
WILLIE,BROOKS,420005284.0,1453.0,33,1998.0,11.0,1.0,,A000452,CPS,1998-11-01,2020-09-06,452,0,0
JOHN,NGUYEN,377961811.0,1454.0,65,1977.0,6.0,24.0,,A000453,CPS,1977-06-24,2018-10-08,453,0,1
PAUL,SMITH,727947085.0,1455.0,39,1997.0,6.0,18.0,,A000454,GPS,1997-06-18,2018-03-22,454,0,1
JAMES,HERNANDEZ,445661914.0,1456.0,35,1963.0,9.0,23.0,,A000455,CPS,1963-09-23,2022-08-14,455,1,0
DAVID,HOLMES,250754978.0,1457.0,41,2001.0,7.0,11.0,,A000456,CPS,2001-07-11,2018-04-11,456,0,1
CHRISTOPHER,GRANT,356438895.0,1458.0,15,1970.0,1.0,6.0,,A000457,CPS,1970-01-06,2022-09-18,457,0,0
JENNIFER,RUIZ,922694783.0,1459.0,8,2004.0,9.0,17.0,,A000458,CPS,2004-09-17,2020-02-19,458,1,1
WILLIAM,FERNANDEZ,366980767.0,1460.0,38,1983.0,10.0,17.0,,A000459,GPS,1983-10-17,2020-06-01,459,0,1
JOHN,RODRIGUEZ,582430313.0,1461.0,13,1961.0,2.0,9.0,,A000460,GPS,1961-02-09,2022-08-12,460,0,0
JESSICA,CASTILLO,568426985.0,1462.0,32,2000.0,5.0,14.0,,A000461,GPS,2000-05-14,2022-06-02,461,1,1
JAMES,NELSON,829561433.0,1463.0,39,1962.0,5.0,26.0,,A000462,GPS,1962-05-26,2018-09-26,462,1,0
JENNIFER,WELLS,652489353.0,1464.0,22,1972.0,4.0,27.0,,A000463,CPS,1972-04-27,2019-06-09,463,0,0
JAMES,MARTINEZ,959107811.0,1465.0,22,1962.0,6.0,22.0,,A000464,GPS,1962-06-22,2022-09-28,464,0,1
TERESA,VAZQUEZ,602653678.0,1466.0,15,1962.0,9.0,9.0,,A000465,CPS,1962-09-09,2021-08-17,465,1,1
MARY,JACKSON,386081384.0,1467.0,67,1963.0,7.0,17.0,,A000466,CPS,1963-07-17,2020-11-11,466,0,0
JOHN,BENNETT,492443642.0,1468.0,6,1985.0,11.0,10.0,,A000467,CPS,1985-11-10,2018-10-09,467,1,0
EDWARD,PRICE,594290347.0,1469.0,52,1992.0,5.0,12.0,,A000468,GPS,1992-05-12,2019-12-27,468,0,0
ANNA,GREEN,639345777.0,1470.0,36,1973.0,9.0,7.0,,A000469,CPS,1973-09-07,2022-06-11,469,1,1
PATRICIA,WILLIAMS,331278787.0,1471.0,33,1971.0,7.0,12.0,,A000470,CPS,1971-07-12,2020-05-01,470,1,1
STEPHANIE,KING,471261252.0,1472.0,61,1960.0,10.0,21.0,,A000471,CPS,1960-10-21,2021-06-27,471,0,1
EMILY,HENRY,914938636.0,1473.0,31,1980.0,3.0,23.0,,A000472,GPS,1980-03-23,2021-02-25,472,1,1
GARY,ARMSTRONG,267480480.0,1474.0,58,1993.0,1.0,24.0,,A000473,GPS,1993-01-24,2021-05-25,473,0,1
MARY,TAYLOR,598880981.0,1475.0,24,2001.0,8.0,16.0,,A000474,GPS,2001-08-16,2018-10-22,474,0,0
ELIZABETH,MENDOZA,181602300.0,1476.0,42,1996.0,8.0,24.0,,A000475,CPS,1996-08-24,2019-04-05,475,0,0
JENNIFER,SMITH,999106548.0,1477.0,33,2001.0,2.0,2.0,,A000476,GPS,2001-02-02,2020-01-25,476,1,1
LINDA,WILLIAMS,863468311.0,1478.0,28,2003.0,10.0,11.0,,A000477,GPS,2003-10-11,2022-08-18,477,1,1
SANDRA,WALKER,321716541.0,1479.0,62,1976.0,9.0,7.0,,A000478,CPS,1976-09-07,2022-07-01,478,1,1
RICHARD,MENDOZA,866467197.0,1480.0,39,2002.0,1.0,8.0,,A000479,CPS,2002-01-08,2022-04-23,479,0,1
MARY,PHILLIPS,366961822.0,1481.0,27,1989.0,9.0,12.0,,A000480,GPS,1989-09-12,2019-12-10,480,0,0
STEVEN,BROWN,309285766.0,1482.0,14,1998.0,9.0,5.0,,A000481,GPS,1998-09-05,2022-08-07,481,1,1
JOYCE,GARCIA,328730004.0,1483.0,23,1997.0,8.0,10.0,,A000482,CPS,1997-08-10,2021-12-11,482,0,1
EUGENE,MUNOZ,392833246.0,1484.0,62,1993.0,10.0,5.0,,A000483,CPS,1993-10-05,2021-05-02,483,0,0
MICHAEL,MARTIN,806054872.0,1485.0,46,1994.0,4.0,24.0,,A000484,GPS,1994-04-24,2022-11-10,484,1,0
JAMES,LEE,726988489.0,1486.0,46,1988.0,8.0,1.0,,A000485,GPS,1988-08-01,2021-02-10,485,1,1
SANDRA,SMITH,555531773.0,1487.0,15,2003.0,12.0,16.0,3.0,A000486,GPS,2003-12-16,2018-11-26,486,0,1
BARBARA,ROBINSON,326520450.0,1488.0,50,1964.0,9.0,13.0,,A000487,CPS,1964-09-13,2018-06-08,487,1,1
MARY,GARDNER,677752979.0,1489.0,48,1988.0,6.0,15.0,,A000488,CPS,1988-06-15,2019-05-15,488,1,1
HOWARD,BOYD,824515553.0,1490.0,33,2002.0,6.0,24.0,,A000489,CPS,2002-06-24,2020-07-18,489,0,1
BETTY,RUIZ,826670251.0,1491.0,3,1984.0,8.0,3.0,,A000490,CPS,1984-08-03,2018-01-27,490,1,1
BRITTANY,WASHINGTON,814453118.0,1492.0,42,2004.0,5.0,3.0,,A000491,GPS,2004-05-03,2020-05-16,491,1,0
JUDITH,JONES,324049524.0,1493.0,54,1984.0,10.0,5.0,,A000492,CPS,1984-10-05,2018-12-11,492,1,1
KENNETH,BENNETT,676162085.0,1494.0,32,1970.0,3.0,4.0,,A000493,GPS,1970-03-04,2022-09-28,493,0,0
MARY,GREEN,911197094.0,1495.0,37,1985.0,3.0,27.0,,A000494,GPS,1985-03-27,2020-12-26,494,1,0
ANTHONY,ROMERO,673412022.0,1496.0,36,1972.0,5.0,9.0,,A000495,GPS,1972-05-09,2020-01-06,495,1,0
ANTHONY,PERRY,512483413.0,1497.0,65,1975.0,11.0,8.0,,A000496,CPS,1975-11-08,2022-09-27,496,0,1
JENNIFER,CROSS,461679617.0,1498.0,18,1978.0,12.0,22.0,,A000497,GPS,1978-12-22,2019-10-19,497,0,0
LINDA,ANDERSON,539116040.0,1499.0,14,1978.0,7.0,27.0,,A000498,GPS,1978-07-27,2018-09-04,498,0,1
BRANDON,COOK,430267957.0,1500.0,11,1988.0,5.0,9.0,,A000499,CPS,1988-05-09,2022-09-02,499,0,1
JESSICA,RAMOS,581998872.0,1501.0,51,1974.0,2.0,27.0,,A000500,CPS,1974-02-27,2020-02-13,500,0,0
DIANE,NELSON,140435571.0,1502.0,66,1972.0,4.0,12.0,,A000501,GPS,1972-04-12,2019-10-16,501,0,1
JENNIFER,MATTHEWS,823493101.0,1503.0,16,1961.0,12.0,20.0,,A000502,GPS,1961-12-20,2022-06-16,502,0,0
JAMES,WHITE,709357759.0,1504.0,45,1981.0,7.0,1.0,,A000503,GPS,1981-07-01,2019-07-12,503,1,0
THOMAS,GRAY,289128071.0,1505.0,19,1980.0,11.0,10.0,,A000504,GPS,1980-11-10,2020-04-19,504,0,0
JAMES,MARTINEZ,705682380.0,1506.0,65,1984.0,6.0,19.0,,A000505,GPS,1984-06-19,2022-11-21,505,0,1
JAMES,GARCIA,638343807.0,1507.0,36,1976.0,2.0,22.0,,A000506,GPS,1976-02-22,2022-05-05,506,0,1
ALAN,DAVIS,237131731.0,1508.0,55,1965.0,10.0,14.0,,A000507,GPS,1965-10-14,2020-03-21,507,1,1
ROBERT,JONES,832170573.0,1509.0,58,1968.0,4.0,22.0,,A000508,CPS,1968-04-22,2022-08-26,508,1,0
MARILYN,KELLEY,843588655.0,1510.0,57,1962.0,9.0,12.0,,A000509,GPS,1962-09-12,2020-05-07,509,1,1
PATRICIA,MORALES,998207657.0,1511.0,10,1985.0,6.0,18.0,,A000510,GPS,1985-06-18,2022-08-05,510,1,1
SUSAN,JOHNSON,941553103.0,1512.0,64,1961.0,3.0,11.0,,A000511,GPS,1961-03-11,2020-10-28,511,1,1
LISA,WILLIAMS,633059104.0,1513.0,56,1978.0,10.0,14.0,,A000512,GPS,1978-10-14,2018-10-04,512,1,0
SHARON,WILLIAMS,856435924.0,1514.0,59,1981.0,9.0,3.0,,A000513,GPS,1981-09-03,2018-11-16,513,1,0
JOSEPH,MURRAY,139295417.0,1515.0,43,1971.0,4.0,14.0,,A000514,GPS,1971-04-14,2021-09-07,514,0,1
SOPHIA,MOORE,407401910.0,1516.0,3,1972.0,11.0,19.0,,A000515,CPS,1972-11-19,2021-01-06,515,1,0
PATRICK,JOHNSON,336093998.0,1517.0,8,1979.0,12.0,18.0,,A000516,CPS,1979-12-18,2020-12-20,516,0,1
CHERYL,PERKINS,117898130.0,1518.0,45,1989.0,7.0,6.0,,A000517,GPS,1989-07-06,2020-09-24,517,0,0
LINDA,SMITH,483702622.0,1519.0,66,1961.0,9.0,6.0,,A000518,CPS,1961-09-06,2020-05-17,518,1,0
LISA,WILSON,168867516.0,1520.0,5,1965.0,3.0,24.0,,A000519,CPS,1965-03-24,2018-09-02,519,1,0
STEVEN,JENKINS,960486584.0,1521.0,22,1983.0,11.0,4.0,,A000520,GPS,1983-11-04,2018-09-25,520,0,0
RICHARD,TUCKER,746561624.0,1522.0,5,2001.0,12.0,25.0,,A000521,GPS,2001-12-25,2022-08-27,521,0,1
ANDREW,REED,589693966.0,1523.0,21,2003.0,5.0,16.0,,A000522,GPS,2003-05-16,2020-09-20,522,0,1
HAROLD,GONZALEZ,509364654.0,1524.0,17,1979.0,10.0,10.0,,A000523,GPS,1979-10-10,2022-09-25,523,1,0
LISA,SMITH,489361802.0,1525.0,59,1993.0,7.0,13.0,,A000524,CPS,1993-07-13,2021-12-19,524,0,1
JAMES,SANTOS,205836304.0,1526.0,19,2002.0,2.0,14.0,,A000525,GPS,2002-02-14,2018-08-19,525,0,0
CHARLES,JOHNSON,544557886.0,1527.0,54,1968.0,8.0,16.0,,A000526,CPS,1968-08-16,2019-05-04,526,0,1
BETTY,RAY,175744571.0,1528.0,53,1984.0,3.0,27.0,,A000527,CPS,1984-03-27,2021-11-21,527,0,0
MICHAEL,RAY,337848000.0,1529.0,15,1966.0,6.0,25.0,,A000528,CPS,1966-06-25,2021-01-05,528,0,1
MARY,WILLIAMS,190447400.0,1530.0,7,1987.0,4.0,9.0,,A000529,GPS,1987-04-09,2020-03-18,529,1,1
PAUL,JOHNSON,741599155.0,1531.0,32,1972.0,5.0,8.0,,A000530,CPS,1972-05-08,2018-05-15,530,1,1
PATRICIA,PEREZ,715246797.0,1532.0,22,1960.0,11.0,26.0,,A000531,CPS,1960-11-26,2018-11-26,531,0,0
FRANK,HICKS,246146853.0,1533.0,11,1998.0,8.0,12.0,,A000532,CPS,1998-08-12,2019-07-02,532,1,1
MICHELLE,KNIGHT,365861563.0,1534.0,7,1982.0,4.0,13.0,,A000533,CPS,1982-04-13,2018-10-06,533,1,1
PATRICIA,PEREZ,857150156.0,1535.0,48,1977.0,1.0,26.0,,A000534,CPS,1977-01-26,2021-05-27,534,0,0
CAROL,BAILEY,358400098.0,1536.0,8,2003.0,4.0,6.0,,A000535,CPS,2003-04-06,2019-05-25,535,0,0
RANDY,JOHNSON,245460480.0,1537.0,34,1988.0,10.0,24.0,,A000536,CPS,1988-10-24,2020-10-18,536,0,1
JENNIFER,DAVIS,256292412.0,1538.0,52,1979.0,10.0,4.0,,A000537,CPS,1979-10-04,2019-08-03,537,1,1
KAYLA,GONZALES,558134647.0,1539.0,9,2000.0,5.0,25.0,,A000538,CPS,2000-05-25,2018-04-22,538,1,0
ROBERT,SANDERS,974069048.0,1540.0,51,1997.0,5.0,2.0,,A000539,CPS,1997-05-02,2022-02-08,539,1,1
SOPHIA,ROBERTS,370533016.0,1541.0,65,1975.0,2.0,14.0,,A000540,GPS,1975-02-14,2020-03-20,540,1,0
JENNIFER,CAMPBELL,356793999.0,1542.0,38,1977.0,7.0,4.0,,A000541,CPS,1977-07-04,2019-09-07,541,0,1
DENNIS,GUTIERREZ,585868441.0,1543.0,30,2004.0,5.0,2.0,,A000542,GPS,2004-05-02,2021-05-18,542,1,1
JESSICA,KELLEY,502960923.0,1544.0,10,1963.0,6.0,4.0,,A000543,CPS,1963-06-04,2020-02-26,543,0,0
NANCY,LEE,152838130.0,1545.0,29,1996.0,2.0,14.0,,A000544,CPS,1996-02-14,2022-12-12,544,1,0
PATRICIA,MILLER,206154251.0,1546.0,1,1984.0,10.0,22.0,,A000545,CPS,1984-10-22,2022-12-13,545,0,0
CARLOS,MORENO,405542138.0,1547.0,37,1964.0,12.0,21.0,,A000546,GPS,1964-12-21,2022-04-02,546,1,1
STEPHANIE,MENDEZ,741466387.0,1548.0,57,1997.0,1.0,15.0,,A000547,GPS,1997-01-15,2020-06-12,547,1,0
MARY,WILLIAMS,480198820.0,1549.0,49,1985.0,8.0,21.0,,A000548,CPS,1985-08-21,2018-12-04,548,0,0
EDWARD,HERNANDEZ,882274890.0,1550.0,24,1967.0,4.0,20.0,,A000549,CPS,1967-04-20,2021-09-17,549,0,1
OSCAR,JONES,954479631.0,1551.0,5,1960.0,9.0,6.0,,A000550,GPS,1960-09-06,2019-10-13,550,0,0
SUSAN,TURNER,879065174.0,1552.0,7,1968.0,11.0,28.0,,A000551,CPS,1968-11-28,2019-03-27,551,1,0
KAYLA,BUTLER,529432797.0,1553.0,19,1977.0,1.0,12.0,,A000552,CPS,1977-01-12,2019-08-08,552,1,0
MARY,WHITE,508999684.0,1554.0,2,1962.0,4.0,25.0,,A000553,CPS,1962-04-25,2019-12-17,553,1,0
MICHELLE,PAYNE,221393262.0,1555.0,43,1961.0,11.0,16.0,,A000554,GPS,1961-11-16,2018-10-20,554,0,1
SEAN,FOSTER,488210831.0,1556.0,9,1972.0,7.0,9.0,,A000555,GPS,1972-07-09,2018-05-06,555,0,0
JAMES,THOMAS,643246138.0,1557.0,22,1994.0,4.0,19.0,,A000556,CPS,1994-04-19,2018-06-10,556,1,1
JENNIFER,PETERSON,610750005.0,1558.0,16,1961.0,11.0,3.0,,A000557,GPS,1961-11-03,2022-05-15,557,0,0
DAVID,PETERS,476909757.0,1559.0,11,1973.0,8.0,12.0,,A000558,CPS,1973-08-12,2022-06-28,558,0,1
HELEN,GORDON,702953300.0,1560.0,66,2000.0,2.0,13.0,,A000559,GPS,2000-02-13,2021-02-06,559,0,0
SARAH,JOHNSON,909283022.0,1561.0,41,1976.0,9.0,1.0,,A000560,CPS,1976-09-01,2020-08-23,560,1,0
JOSEPH,YOUNG,765730078.0,1562.0,67,1963.0,3.0,8.0,,A000561,CPS,1963-03-08,2021-06-23,561,0,1
JOHN,THOMPSON,925190277.0,1563.0,50,1999.0,1.0,13.0,,A000562,CPS,1999-01-13,2019-09-17,562,1,0
MARILYN,BROWN,788867633.0,1564.0,51,1988.0,11.0,20.0,,A000563,CPS,1988-11-20,2018-12-23,563,1,0
PETER,MORALES,198506471.0,1565.0,12,1960.0,10.0,14.0,,A000564,CPS,1960-10-14,2022-12-25,564,0,0
THOMAS,WOOD,547516347.0,1566.0,28,1978.0,4.0,23.0,,A000565,CPS,1978-04-23,2021-02-28,565,0,1
KATHLEEN,WILSON,245200263.0,1567.0,48,1988.0,11.0,22.0,,A000566,GPS,1988-11-22,2018-11-20,566,1,1
BRIAN,PERRY,289165667.0,1568.0,21,1972.0,12.0,6.0,,A000567,CPS,1972-12-06,2022-01-08,567,1,1
JAMES,PALMER,153986472.0,1569.0,57,1962.0,2.0,9.0,,A000568,CPS,1962-02-09,2018-09-02,568,0,1
JAMES,THOMAS,243409368.0,1570.0,63,1982.0,9.0,23.0,,A000569,CPS,1982-09-23,2021-02-07,569,1,1
NICHOLAS,RODRIGUEZ,872959170.0,1571.0,3,1964.0,12.0,18.0,,A000570,GPS,1964-12-18,2018-07-13,570,0,1
JANET,WATSON,880040215.0,1572.0,4,1976.0,2.0,27.0,,A000571,GPS,1976-02-27,2020-05-24,571,0,1
JOSHUA,BENNETT,201535067.0,1573.0,50,1964.0,4.0,7.0,,A000572,GPS,1964-04-07,2020-03-22,572,0,0
IVAN,ELLIS,166448899.0,1574.0,26,1974.0,2.0,22.0,,A000573,GPS,1974-02-22,2018-08-14,573,1,1
PETER,WAGNER,635008234.0,1575.0,47,1964.0,5.0,12.0,,A000574,GPS,1964-05-12,2020-04-02,574,1,1
MARY,THOMPSON,491224915.0,1576.0,60,1964.0,3.0,25.0,,A000575,GPS,1964-03-25,2022-02-27,575,0,1
ROBERT,FOSTER,617783508.0,1577.0,21,1970.0,11.0,24.0,,A000576,GPS,1970-11-24,2021-01-12,576,1,1
JENNIFER,HOWARD,407570020.0,1578.0,6,1989.0,1.0,24.0,,A000577,GPS,1989-01-24,2019-08-17,577,1,0
KATHRYN,CHAVEZ,624338926.0,1579.0,18,1992.0,9.0,19.0,,A000578,GPS,1992-09-19,2020-10-10,578,0,0
JOSEPH,MENDOZA,465321507.0,1580.0,29,1972.0,9.0,8.0,,A000579,CPS,1972-09-08,2019-06-11,579,0,1
MARY,KING,609137971.0,1581.0,64,2003.0,6.0,9.0,,A000580,CPS,2003-06-09,2022-08-26,580,0,1
MARY,MARTIN,571511017.0,1582.0,60,1965.0,8.0,10.0,3.0,A000581,GPS,1965-08-10,2021-04-11,581,0,1
HAROLD,TURNER,655374242.0,1583.0,58,1984.0,7.0,27.0,,A000582,GPS,1984-07-27,2020-09-15,582,0,0
DONNA,ROBINSON,700222257.0,1584.0,51,1962.0,2.0,20.0,,A000583,CPS,1962-02-20,2018-02-13,583,0,1
JEAN,SMITH,750880434.0,1585.0,27,1971.0,8.0,26.0,,A000584,CPS,1971-08-26,2022-11-25,584,1,1
ROBERT,ANDERSON,432311550.0,1586.0,31,1990.0,1.0,18.0,,A000585,GPS,1990-01-18,2018-02-13,585,0,1
JOHN,GUZMAN,218085050.0,1587.0,18,1980.0,4.0,10.0,,A000586,CPS,1980-04-10,2018-06-25,586,0,0
RAYMOND,HOWARD,897222509.0,1588.0,36,1982.0,11.0,4.0,,A000587,CPS,1982-11-04,2019-11-15,587,1,0
JOHN,WELLS,893292185.0,1589.0,52,1965.0,12.0,12.0,,A000588,GPS,1965-12-12,2022-02-06,588,0,0
DANIEL,CASTILLO,104762072.0,1590.0,28,1983.0,3.0,3.0,,A000589,CPS,1983-03-03,2019-07-03,589,1,1
CAROL,WILLIAMS,132496484.0,1591.0,64,1967.0,8.0,4.0,,A000590,GPS,1967-08-04,2020-08-21,590,1,0
RONALD,RAMIREZ,431042623.0,1592.0,20,1971.0,8.0,23.0,,A000591,CPS,1971-08-23,2022-02-09,591,1,1
WILLIAM,JOHNSON,425649280.0,1593.0,38,1961.0,3.0,14.0,,A000592,CPS,1961-03-14,2019-12-24,592,0,0
LAWRENCE,BROWN,309762808.0,1594.0,53,2000.0,1.0,16.0,,A000593,GPS,2000-01-16,2021-07-05,593,1,0
WILLIAM,HUDSON,839025289.0,1595.0,38,2002.0,8.0,10.0,,A000594,GPS,2002-08-10,2018-01-11,594,1,1
PAMELA,TAYLOR,970779180.0,1596.0,15,1991.0,9.0,26.0,,A000595,CPS,1991-09-26,2021-08-03,595,1,0
VICTORIA,MARTIN,314931096.0,1597.0,42,1971.0,12.0,27.0,,A000596,CPS,1971-12-27,2020-08-27,596,0,1
AMANDA,GUTIERREZ,492858342.0,1598.0,3,1966.0,12.0,19.0,,A000597,GPS,1966-12-19,2021-03-11,597,0,0
ELIZABETH,DAVIS,384515340.0,1599.0,66,2001.0,12.0,13.0,1.0,A000598,CPS,2001-12-13,2020-05-19,598,0,1
MARY,WHITE,112756408.0,1600.0,63,1985.0,10.0,7.0,,A000599,GPS,1985-10-07,2020-02-10,599,1,0
ALICE,WILLIAMS,298874753.0,1601.0,60,2004.0,12.0,6.0,2.0,A000600,GPS,2004-12-06,2018-05-27,600,0,0
PATRICIA,WATKINS,559403189.0,1602.0,63,1967.0,7.0,16.0,,A000601,CPS,1967-07-16,2020-09-12,601,0,1
ROBERT,THOMAS,870365364.0,1603.0,59,1971.0,1.0,11.0,3.0,A000602,CPS,1971-01-11,2018-12-26,602,1,1
ROBERT,COOK,737152131.0,1604.0,55,1982.0,10.0,5.0,,A000603,CPS,1982-10-05,2022-06-25,603,0,0
MICHAEL,GONZALES,603421055.0,1605.0,7,1987.0,12.0,14.0,,A000604,CPS,1987-12-14,2022-01-13,604,1,0
EMILY,PARKER,946298085.0,1606.0,54,2000.0,3.0,10.0,,A000605,GPS,2000-03-10,2019-03-07,605,1,0
MARY,CROSS,720444532.0,1607.0,61,1994.0,5.0,11.0,,A000606,CPS,1994-05-11,2021-05-05,606,1,0
NICOLE,PETERSON,609066473.0,1608.0,30,1986.0,10.0,11.0,,A000607,CPS,1986-10-11,2021-05-28,607,0,1
ASHLEY,GARCIA,174304268.0,1609.0,10,1960.0,7.0,7.0,,A000608,CPS,1960-07-07,2020-09-18,608,0,0
JENNIFER,BROOKS,182400511.0,1610.0,35,1988.0,12.0,1.0,,A000609,CPS,1988-12-01,2019-02-25,609,1,1
JERRY,HARDY,194590510.0,1611.0,27,1965.0,3.0,24.0,,A000610,CPS,1965-03-24,2018-11-18,610,1,0
SHARON,MILLER,845631202.0,1612.0,34,1992.0,5.0,5.0,,A000611,GPS,1992-05-05,2020-08-05,611,0,1
TERESA,GARCIA,476191064.0,1613.0,13,1984.0,3.0,8.0,,A000612,GPS,1984-03-08,2019-08-09,612,0,1
ANTHONY,MCDONALD,167910216.0,1614.0,67,1995.0,4.0,12.0,,A000613,CPS,1995-04-12,2018-08-09,613,1,0
ELIZABETH,COOK,269844708.0,1615.0,11,1976.0,7.0,14.0,,A000614,GPS,1976-07-14,2021-01-24,614,0,1
ANTHONY,THOMAS,356845656.0,1616.0,59,1960.0,5.0,7.0,,A000615,GPS,1960-05-07,2019-02-25,615,1,0
SARAH,SANCHEZ,514215173.0,1617.0,50,1992.0,9.0,11.0,,A000616,GPS,1992-09-11,2018-12-12,616,0,1
JOHN,MCDONALD,936089925.0,1618.0,21,2000.0,4.0,19.0,2.0,A000617,CPS,2000-04-19,2021-06-09,617,0,1
ROBERT,PARKER,654277443.0,1619.0,52,1967.0,9.0,4.0,,A000618,CPS,1967-09-04,2021-07-27,618,0,1
SUSAN,CASTRO,628966502.0,1620.0,49,1966.0,8.0,17.0,,A000619,GPS,1966-08-17,2020-02-06,619,0,0
JOSEPH,RAMOS,317493365.0,1621.0,14,1972.0,5.0,21.0,,A000620,GPS,1972-05-21,2020-01-04,620,1,0
RAYMOND,MARTINEZ,578217752.0,1622.0,58,1972.0,5.0,9.0,,A000621,CPS,1972-05-09,2019-12-27,621,0,1
SARAH,REED,932238520.0,1623.0,7,1995.0,4.0,22.0,,A000622,CPS,1995-04-22,2018-03-11,622,0,1
STEVEN,JOHNSON,964711858.0,1624.0,65,1991.0,3.0,1.0,,A000623,GPS,1991-03-01,2019-08-18,623,0,1
JOHN,WATSON,856179607.0,1625.0,32,1988.0,2.0,14.0,,A000624,CPS,1988-02-14,2022-04-26,624,1,0
DAVID,ANDERSON,765400084.0,1626.0,8,1989.0,2.0,19.0,,A000625,CPS,1989-02-19,2019-11-02,625,1,1
JAMES,LOPEZ,644704120.0,1627.0,32,1976.0,10.0,15.0,,A000626,GPS,1976-10-15,2022-08-08,626,0,0
JOSEPH,WILLIAMS,676786458.0,1628.0,21,1991.0,3.0,10.0,,A000627,CPS,1991-03-10,2020-01-05,627,0,0
JOSHUA,BRADLEY,620004985.0,1629.0,39,1969.0,6.0,15.0,,A000628,CPS,1969-06-15,2018-08-19,628,1,0
KAREN,PATEL,431697759.0,1630.0,11,1984.0,3.0,22.0,,A000629,CPS,1984-03-22,2020-01-16,629,0,0
ANDREW,BARNES,751496218.0,1631.0,46,1981.0,6.0,6.0,,A000630,GPS,1981-06-06,2018-07-17,630,1,1
PHILIP,JOHNSON,340116208.0,1632.0,28,1964.0,5.0,23.0,,A000631,CPS,1964-05-23,2020-12-04,631,1,1
JENNIFER,PEREZ,906489715.0,1633.0,7,1972.0,3.0,23.0,3.0,A000632,CPS,1972-03-23,2021-03-12,632,0,0
RICHARD,CAMPBELL,915732177.0,1634.0,22,1993.0,12.0,28.0,,A000633,GPS,1993-12-28,2021-08-04,633,0,1
SHIRLEY,STEWART,643129866.0,1635.0,19,1978.0,7.0,12.0,,A000634,GPS,1978-07-12,2021-05-16,634,1,1
NANCY,WILLIAMS,881810852.0,1636.0,65,1996.0,9.0,9.0,,A000635,CPS,1996-09-09,2021-12-11,635,0,1
JAMES,LOPEZ,383266880.0,1637.0,22,1966.0,5.0,17.0,3.0,A000636,CPS,1966-05-17,2022-11-22,636,1,1
VIRGINIA,CARROLL,106778274.0,1638.0,58,1985.0,6.0,18.0,,A000637,CPS,1985-06-18,2018-07-15,637,1,1
MARY,SMITH,367920422.0,1639.0,27,1988.0,2.0,21.0,,A000638,GPS,1988-02-21,2018-11-06,638,1,1
DIANA,GOMEZ,559404175.0,1640.0,36,1990.0,7.0,3.0,,A000639,CPS,1990-07-03,2020-01-23,639,1,1
LAURA,ANDERSON,501623574.0,1641.0,53,1981.0,6.0,19.0,,A000640,GPS,1981-06-19,2018-12-20,640,0,0
REBECCA,SCOTT,772330437.0,1642.0,32,1972.0,12.0,25.0,,A000641,GPS,1972-12-25,2021-08-15,641,0,0
PATRICIA,MARTINEZ,102484502.0,1643.0,28,1984.0,7.0,28.0,,A000642,GPS,1984-07-28,2020-09-14,642,1,1
EMILY,DAVIS,570250866.0,1644.0,21,1986.0,12.0,17.0,,A000643,GPS,1986-12-17,2021-09-14,643,1,0
CHARLES,MARTINEZ,596509901.0,1645.0,12,1990.0,1.0,23.0,,A000644,GPS,1990-01-23,2022-05-27,644,0,1
MARY,LEWIS,180806262.0,1646.0,10,1993.0,9.0,6.0,,A000645,GPS,1993-09-06,2019-05-06,645,1,0
ROBERT,MENDEZ,359532237.0,1647.0,27,1980.0,6.0,5.0,2.0,A000646,GPS,1980-06-05,2019-07-18,646,0,1
PATRICIA,ALVARADO,399723233.0,1648.0,51,1961.0,6.0,18.0,,A000647,GPS,1961-06-18,2019-08-24,647,0,1
BRANDON,HENDERSON,275019997.0,1649.0,22,1991.0,4.0,26.0,,A000648,CPS,1991-04-26,2019-08-05,648,0,0
JASON,ADAMS,217642163.0,1650.0,3,1988.0,8.0,2.0,,A000649,CPS,1988-08-02,2022-08-19,649,0,1
JUSTIN,DAVIS,367971096.0,1651.0,12,1980.0,6.0,21.0,,A000650,CPS,1980-06-21,2019-02-18,650,1,0
MARY,THOMAS,519379505.0,1652.0,20,1976.0,7.0,27.0,,A000651,GPS,1976-07-27,2021-02-15,651,0,0
JUSTIN,JACKSON,770889464.0,1653.0,2,1999.0,2.0,18.0,,A000652,CPS,1999-02-18,2018-04-18,652,0,1
DAVID,FERNANDEZ,442949107.0,1654.0,34,1981.0,3.0,2.0,,A000653,GPS,1981-03-02,2022-08-13,653,0,1
NICHOLAS,MORRIS,397297979.0,1655.0,42,1970.0,2.0,26.0,,A000654,GPS,1970-02-26,2018-01-14,654,1,1
PHILIP,SANCHEZ,396156704.0,1656.0,53,1969.0,4.0,24.0,,A000655,GPS,1969-04-24,2018-04-01,655,1,0
NATHAN,PETERSON,844062186.0,1657.0,11,1965.0,10.0,7.0,,A000656,CPS,1965-10-07,2019-08-23,656,1,0
CHARLES,WILLIAMS,970102055.0,1658.0,13,1982.0,11.0,13.0,,A000657,GPS,1982-11-13,2019-12-18,657,0,0
THOMAS,BROWN,890780747.0,1659.0,44,1968.0,7.0,23.0,,A000658,CPS,1968-07-23,2020-12-23,658,1,1
MELISSA,DUNN,762801231.0,1660.0,37,1993.0,10.0,9.0,,A000659,GPS,1993-10-09,2020-06-16,659,0,0
MATTHEW,NGUYEN,938507686.0,1661.0,37,1975.0,7.0,11.0,,A000660,CPS,1975-07-11,2018-05-07,660,1,1
EMMA,CRUZ,646393248.0,1662.0,24,2003.0,4.0,16.0,,A000661,CPS,2003-04-16,2022-02-22,661,0,1
PATRICIA,WATTS,446143983.0,1663.0,23,1962.0,5.0,17.0,,A000662,CPS,1962-05-17,2019-05-07,662,1,0
JOHN,JOHNSON,573435132.0,1664.0,15,1993.0,3.0,22.0,,A000663,GPS,1993-03-22,2019-01-06,663,1,0
CHARLES,BERRY,450364943.0,1665.0,63,1983.0,3.0,14.0,,A000664,CPS,1983-03-14,2022-05-01,664,1,1
PATRICIA,RODRIGUEZ,226783652.0,1666.0,57,1997.0,9.0,11.0,,A000665,GPS,1997-09-11,2018-02-25,665,1,0
RICHARD,MORGAN,624917153.0,1667.0,23,1961.0,6.0,4.0,,A000666,CPS,1961-06-04,2018-12-28,666,0,0
THOMAS,GRAY,651762954.0,1668.0,8,1977.0,11.0,3.0,,A000667,GPS,1977-11-03,2022-04-05,667,1,0
AUSTIN,JAMES,290122435.0,1669.0,59,2002.0,10.0,18.0,,A000668,CPS,2002-10-18,2018-11-08,668,1,0
JESSICA,PARKER,287518374.0,1670.0,13,1967.0,4.0,17.0,,A000669,GPS,1967-04-17,2020-11-12,669,0,0
SEAN,THOMPSON,202415641.0,1671.0,63,1960.0,4.0,9.0,,A000670,CPS,1960-04-09,2021-05-03,670,0,0
BARBARA,FLORES,556268083.0,1672.0,40,1985.0,8.0,24.0,,A000671,GPS,1985-08-24,2022-05-28,671,0,1
ELIZABETH,COOPER,147382746.0,1673.0,28,1985.0,11.0,27.0,,A000672,GPS,1985-11-27,2022-10-12,672,0,1
SCOTT,ROGERS,143720175.0,1674.0,52,1998.0,11.0,5.0,,A000673,GPS,1998-11-05,2020-04-10,673,0,1
PATRICIA,JOHNSON,931679940.0,1675.0,16,1973.0,3.0,8.0,,A000674,GPS,1973-03-08,2022-06-17,674,1,0
KELLY,JOHNSON,581554100.0,1676.0,25,1984.0,6.0,28.0,,A000675,GPS,1984-06-28,2022-06-02,675,0,1
MICHELLE,PALMER,788196364.0,1677.0,17,2000.0,6.0,13.0,,A000676,GPS,2000-06-13,2018-08-09,676,1,0
KEVIN,FLORES,989417791.0,1678.0,27,1995.0,11.0,6.0,,A000677,CPS,1995-11-06,2018-06-25,677,1,1
ROBERT,JOHNSON,516732469.0,1679.0,24,1987.0,8.0,9.0,,A000678,GPS,1987-08-09,2021-12-06,678,0,1
JENNIFER,SMITH,868052332.0,1680.0,43,1991.0,2.0,12.0,,A000679,GPS,1991-02-12,2022-04-26,679,1,1
PATRICIA,FERNANDEZ,846210034.0,1681.0,51,1988.0,8.0,21.0,,A000680,CPS,1988-08-21,2020-12-08,680,0,0
DOROTHY,WILLIAMS,436806181.0,1682.0,3,1989.0,7.0,9.0,,A000681,CPS,1989-07-09,2018-09-28,681,0,1
WILLIAM,CROSS,478687978.0,1683.0,20,1968.0,10.0,23.0,,A000682,GPS,1968-10-23,2020-06-27,682,0,1
KENNETH,NGUYEN,714291711.0,1684.0,67,1982.0,1.0,1.0,,A000683,GPS,1982-01-01,2018-01-13,683,1,1
JULIE,EDWARDS,651034058.0,1685.0,55,1969.0,12.0,9.0,,A000684,CPS,1969-12-09,2018-06-24,684,1,0
PAMELA,CRUZ,175393160.0,1686.0,21,1977.0,5.0,27.0,,A000685,GPS,1977-05-27,2021-03-04,685,0,1
CHRISTOPHER,REYES,785837898.0,1687.0,48,1978.0,12.0,28.0,,A000686,CPS,1978-12-28,2019-07-22,686,1,1
GREGORY,MORALES,309316735.0,1688.0,33,1971.0,5.0,12.0,1.0,A000687,CPS,1971-05-12,2020-06-03,687,1,1
MEGAN,KING,755054761.0,1689.0,39,1966.0,5.0,10.0,,A000688,CPS,1966-05-10,2022-02-08,688,0,0
KATHLEEN,MYERS,241070894.0,1690.0,19,2000.0,5.0,21.0,,A000689,GPS,2000-05-21,2021-02-27,689,1,1
SUSAN,HUDSON,803843263.0,1691.0,4,1986.0,11.0,19.0,,A000690,GPS,1986-11-19,2021-08-03,690,0,0
JACOB,MURPHY,856796185.0,1692.0,45,1999.0,3.0,16.0,,A000691,CPS,1999-03-16,2019-07-24,691,0,0
NICHOLAS,MARTINEZ,162790828.0,1693.0,63,1981.0,2.0,16.0,2.0,A000692,GPS,1981-02-16,2022-09-12,692,1,1
MARGARET,MORGAN,401162224.0,1694.0,13,1997.0,9.0,15.0,,A000693,CPS,1997-09-15,2022-04-14,693,0,1
DOROTHY,BENNETT,463476193.0,1695.0,1,1975.0,2.0,19.0,,A000694,CPS,1975-02-19,2021-03-14,694,0,0
JEFFREY,ROGERS,721679800.0,1696.0,61,1989.0,1.0,20.0,,A000695,GPS,1989-01-20,2021-06-22,695,1,0
JAMES,SANTOS,666414595.0,1697.0,51,2000.0,12.0,6.0,,A000696,GPS,2000-12-06,2022-11-05,696,1,1
CAROLYN,BROWN,118705498.0,1698.0,58,1974.0,2.0,13.0,3.0,A000697,GPS,1974-02-13,2019-12-13,697,1,1
KATHLEEN,MEDINA,134981400.0,1699.0,16,1983.0,7.0,23.0,,A000698,GPS,1983-07-23,2021-03-16,698,0,0
VICTORIA,MORENO,747051191.0,1700.0,35,1967.0,8.0,25.0,,A000699,CPS,1967-08-25,2020-09-20,699,1,1
RONALD,WILLIAMS,271810081.0,1701.0,33,1973.0,4.0,20.0,,A000700,CPS,1973-04-20,2020-10-17,700,0,0
RALPH,SMITH,842817985.0,1702.0,17,1984.0,5.0,23.0,,A000701,CPS,1984-05-23,2020-10-20,701,1,1
JAMES,JACKSON,644009018.0,1703.0,28,1970.0,4.0,6.0,,A000702,GPS,1970-04-06,2019-02-08,702,0,1
BRUCE,JOHNSON,709531264.0,1704.0,50,1971.0,5.0,1.0,,A000703,CPS,1971-05-01,2020-03-24,703,1,0
CYNTHIA,THOMPSON,781845733.0,1705.0,37,1992.0,7.0,18.0,,A000704,CPS,1992-07-18,2022-03-24,704,1,0
ROBERT,WELLS,818235072.0,1706.0,51,1981.0,10.0,12.0,,A000705,GPS,1981-10-12,2019-12-21,705,1,0
CHARLES,FRAZIER,310711124.0,1707.0,64,1992.0,5.0,4.0,,A000706,GPS,1992-05-04,2019-02-17,706,0,0
CHARLES,JONES,314825024.0,1708.0,33,1967.0,10.0,9.0,,A000707,CPS,1967-10-09,2022-10-01,707,0,0
GARY,VAZQUEZ,954623884.0,1709.0,62,1966.0,10.0,20.0,,A000708,CPS,1966-10-20,2018-12-14,708,1,0
MICHAEL,WRIGHT,955655052.0,1710.0,48,1976.0,9.0,11.0,,A000709,CPS,1976-09-11,2020-01-23,709,1,1
ROBERT,MILLER,307143032.0,1711.0,14,1975.0,8.0,11.0,3.0,A000710,CPS,1975-08-11,2018-06-10,710,0,0
WILLIE,STEWART,731665995.0,1712.0,61,1998.0,12.0,2.0,,A000711,GPS,1998-12-02,2022-08-17,711,1,0
THOMAS,MEDINA,671194646.0,1713.0,56,2004.0,9.0,7.0,,A000712,GPS,2004-09-07,2020-10-12,712,0,0
MARK,SILVA,417905777.0,1714.0,3,1967.0,3.0,24.0,,A000713,GPS,1967-03-24,2021-09-23,713,1,1
JOSE,WELCH,716788988.0,1715.0,19,1997.0,10.0,18.0,,A000714,CPS,1997-10-18,2022-07-01,714,1,1
JOHN,WILLIAMS,356939677.0,1716.0,60,1998.0,7.0,28.0,,A000715,CPS,1998-07-28,2022-10-11,715,0,0
SCOTT,EVANS,105695648.0,1717.0,33,1966.0,5.0,17.0,,A000716,GPS,1966-05-17,2018-03-28,716,1,1
MELISSA,ARMSTRONG,823092272.0,1718.0,49,1979.0,6.0,27.0,,A000717,GPS,1979-06-27,2019-04-23,717,0,1
JAMES,ANDERSON,434214062.0,1719.0,25,1960.0,3.0,5.0,,A000718,CPS,1960-03-05,2019-09-06,718,1,0
JEFFREY,COX,879353588.0,1720.0,41,1972.0,10.0,17.0,,A000719,CPS,1972-10-17,2018-06-14,719,1,1
STEPHANIE,KELLY,747870799.0,1721.0,32,1960.0,11.0,26.0,1.0,A000720,GPS,1960-11-26,2022-03-20,720,1,0
HAROLD,LYONS,132552767.0,1722.0,56,1991.0,11.0,10.0,,A000721,GPS,1991-11-10,2018-07-01,721,0,1
GLORIA,GONZALEZ,413396534.0,1723.0,64,1987.0,9.0,22.0,,A000722,CPS,1987-09-22,2022-09-07,722,0,1
DONNA,JIMENEZ,443760253.0,1724.0,45,1965.0,11.0,14.0,,A000723,GPS,1965-11-14,2022-08-05,723,0,1
SHARON,THOMPSON,195978883.0,1725.0,19,1983.0,12.0,21.0,,A000724,GPS,1983-12-21,2021-10-25,724,0,1
PATRICIA,GONZALEZ,520980345.0,1726.0,30,1961.0,4.0,19.0,,A000725,GPS,1961-04-19,2020-06-24,725,1,1
ROBERT,JOHNSON,669432432.0,1727.0,47,1987.0,3.0,20.0,,A000726,CPS,1987-03-20,2021-02-16,726,0,0
EMILY,SMITH,828383452.0,1728.0,36,1989.0,11.0,21.0,,A000727,GPS,1989-11-21,2019-12-21,727,0,1
JOHN,EDWARDS,870461334.0,1729.0,22,1998.0,12.0,15.0,,A000728,CPS,1998-12-15,2022-06-06,728,0,0
DOROTHY,DAVIS,367055411.0,1730.0,61,2000.0,8.0,14.0,,A000729,GPS,2000-08-14,2021-10-18,729,0,0
ROBERT,JONES,248683921.0,1731.0,27,1995.0,1.0,12.0,,A000730,CPS,1995-01-12,2021-09-10,730,1,0
BRIAN,FERGUSON,298939676.0,1732.0,39,2001.0,10.0,24.0,,A000731,GPS,2001-10-24,2018-10-11,731,0,1
RAY,GARCIA,597618909.0,1733.0,30,2004.0,1.0,25.0,,A000732,GPS,2004-01-25,2022-09-24,732,1,1
JOSE,SHAW,972080086.0,1734.0,3,1970.0,6.0,23.0,,A000733,GPS,1970-06-23,2019-06-02,733,1,1
MARTHA,ROSE,728914514.0,1735.0,17,1995.0,1.0,5.0,,A000734,GPS,1995-01-05,2018-05-02,734,1,1
SANDRA,BROWN,796594104.0,1736.0,41,1994.0,12.0,11.0,,A000735,CPS,1994-12-11,2018-08-25,735,0,1
CHARLES,SMITH,713849046.0,1737.0,51,1986.0,10.0,9.0,,A000736,GPS,1986-10-09,2022-04-24,736,1,0
BRANDON,ADAMS,735320383.0,1738.0,37,2003.0,8.0,3.0,,A000737,GPS,2003-08-03,2018-10-27,737,0,1
ELIZABETH,MILLER,854251488.0,1739.0,12,1987.0,8.0,26.0,,A000738,GPS,1987-08-26,2022-02-13,738,1,0
KIMBERLY,GILBERT,464106723.0,1740.0,32,1997.0,12.0,1.0,,A000739,CPS,1997-12-01,2018-03-07,739,1,0
ANN,MOORE,644397699.0,1741.0,34,1965.0,6.0,2.0,,A000740,GPS,1965-06-02,2020-11-26,740,1,0
ROBERT,THOMPSON,227484522.0,1742.0,22,1999.0,1.0,4.0,,A000741,CPS,1999-01-04,2022-11-19,741,0,1
ISABELLA,GILBERT,712896292.0,1743.0,25,1962.0,7.0,26.0,,A000742,GPS,1962-07-26,2021-06-02,742,0,0
MARK,LYNCH,309007695.0,1744.0,11,2002.0,11.0,17.0,,A000743,CPS,2002-11-17,2018-03-02,743,0,0
JOSEPH,LARSON,943278810.0,1745.0,50,1982.0,3.0,10.0,,A000744,GPS,1982-03-10,2020-11-20,744,0,0
JENNIFER,JOHNSON,437038603.0,1746.0,49,1995.0,6.0,28.0,,A000745,GPS,1995-06-28,2021-08-06,745,1,1
THOMAS,MORGAN,217905402.0,1747.0,34,1991.0,7.0,28.0,,A000746,GPS,1991-07-28,2019-04-10,746,0,0
STEPHANIE,RUSSELL,671840306.0,1748.0,15,1978.0,8.0,21.0,,A000747,CPS,1978-08-21,2022-05-13,747,1,1
JOE,MARTINEZ,117750918.0,1749.0,66,1970.0,11.0,28.0,,A000748,CPS,1970-11-28,2020-08-11,748,1,0
SUSAN,JOHNSON,977228713.0,1750.0,14,1967.0,8.0,23.0,2.0,A000749,CPS,1967-08-23,2018-05-18,749,0,0
MARY,SILVA,748667190.0,1751.0,37,1990.0,5.0,6.0,,A000750,GPS,1990-05-06,2020-07-11,750,1,1
NICHOLAS,MILLER,699414435.0,1752.0,67,1976.0,6.0,15.0,,A000751,GPS,1976-06-15,2018-01-19,751,1,0
MARY,GRANT,956121306.0,1753.0,58,1980.0,8.0,27.0,,A000752,GPS,1980-08-27,2019-04-24,752,1,0
JENNIFER,COLLINS,903597800.0,1754.0,35,1972.0,7.0,23.0,,A000753,GPS,1972-07-23,2018-01-18,753,1,1
JESSE,LOPEZ,277744684.0,1755.0,64,1965.0,11.0,2.0,,A000754,GPS,1965-11-02,2021-10-09,754,1,1
SCOTT,RODRIGUEZ,702031569.0,1756.0,51,1960.0,7.0,24.0,,A000755,GPS,1960-07-24,2020-06-08,755,1,1
LINDA,STEPHENS,301391077.0,1757.0,60,1968.0,5.0,7.0,,A000756,GPS,1968-05-07,2018-04-15,756,1,1
NICHOLAS,SMITH,688561929.0,1758.0,46,2004.0,7.0,23.0,,A000757,GPS,2004-07-23,2018-05-22,757,0,1
ROY,DAVIS,176107919.0,1759.0,43,1990.0,3.0,6.0,,A000758,CPS,1990-03-06,2019-05-24,758,0,1
GABRIEL,JONES,809451191.0,1760.0,54,1968.0,9.0,6.0,,A000759,GPS,1968-09-06,2020-05-28,759,0,0
JAMES,RODRIGUEZ,992733310.0,1761.0,20,1972.0,3.0,18.0,,A000760,CPS,1972-03-18,2018-09-05,760,1,1
ANTHONY,RODRIGUEZ,882381752.0,1762.0,26,1985.0,4.0,3.0,,A000761,CPS,1985-04-03,2021-02-10,761,0,1
ROBERT,YOUNG,519621113.0,1763.0,64,1969.0,5.0,22.0,,A000762,CPS,1969-05-22,2019-12-25,762,0,0
TYLER,ROBINSON,947035074.0,1764.0,28,1991.0,12.0,17.0,,A000763,CPS,1991-12-17,2019-06-27,763,0,1
JESSICA,OLSON,373976036.0,1765.0,57,1968.0,6.0,7.0,,A000764,GPS,1968-06-07,2018-03-09,764,1,1
JEAN,NGUYEN,855038506.0,1766.0,48,1996.0,11.0,25.0,,A000765,GPS,1996-11-25,2021-12-02,765,1,0
PATRICIA,GRAHAM,433095406.0,1767.0,16,1976.0,2.0,5.0,,A000766,GPS,1976-02-05,2020-09-13,766,1,0
JOSEPH,ROBINSON,227882941.0,1768.0,26,1999.0,3.0,1.0,,A000767,GPS,1999-03-01,2019-12-11,767,1,0
WILLIE,ARNOLD,826944433.0,1769.0,8,1977.0,8.0,24.0,,A000768,CPS,1977-08-24,2018-11-01,768,1,0
RICHARD,TAYLOR,250653957.0,1770.0,59,1974.0,2.0,12.0,1.0,A000769,GPS,1974-02-12,2022-04-15,769,0,0
KEVIN,PORTER,317837045.0,1771.0,27,1962.0,3.0,9.0,,A000770,CPS,1962-03-09,2018-03-23,770,1,0
JAMES,GARCIA,846820819.0,1772.0,9,1991.0,8.0,7.0,,A000771,GPS,1991-08-07,2020-09-09,771,1,0
KEVIN,MARTIN,206339739.0,1773.0,51,1964.0,12.0,24.0,,A000772,GPS,1964-12-24,2018-12-12,772,1,1
ROBERT,LEE,538151443.0,1774.0,5,2003.0,10.0,16.0,,A000773,GPS,2003-10-16,2022-07-21,773,0,0
ELIZABETH,FERNANDEZ,290519286.0,1775.0,63,1985.0,12.0,14.0,,A000774,GPS,1985-12-14,2021-03-14,774,1,1
JAMES,MCDONALD,550999425.0,1776.0,61,2000.0,1.0,25.0,,A000775,GPS,2000-01-25,2022-02-15,775,1,0
SUSAN,CROSS,365165737.0,1777.0,2,1998.0,5.0,2.0,,A000776,CPS,1998-05-02,2022-12-09,776,0,0
DEBORAH,COX,471818629.0,1778.0,50,1994.0,4.0,2.0,,A000777,CPS,1994-04-02,2021-04-05,777,1,0
KAREN,HOWE,350979079.0,1779.0,48,1986.0,12.0,18.0,,A000778,GPS,1986-12-18,2020-02-27,778,1,0
JENNIFER,ANDERSON,374507176.0,1780.0,50,1976.0,6.0,17.0,,A000779,GPS,1976-06-17,2022-03-02,779,1,1
JAMES,HARRIS,368313040.0,1781.0,5,1988.0,4.0,11.0,,A000780,GPS,1988-04-11,2019-06-21,780,0,0
JAMES,PORTER,410708613.0,1782.0,16,1991.0,9.0,23.0,,A000781,CPS,1991-09-23,2020-05-22,781,1,0
RYAN,PARK,171179263.0,1783.0,47,1977.0,8.0,7.0,,A000782,CPS,1977-08-07,2021-09-02,782,0,0
MICHAEL,THOMAS,978021952.0,1784.0,36,1995.0,8.0,28.0,,A000783,CPS,1995-08-28,2022-05-21,783,1,1
SUSAN,BROWN,422448481.0,1785.0,4,2003.0,3.0,23.0,,A000784,GPS,2003-03-23,2018-09-12,784,0,1
ROBERT,WILLIAMS,473186779.0,1786.0,42,1964.0,4.0,11.0,,A000785,CPS,1964-04-11,2022-06-19,785,1,0
JAMES,BROWN,269001332.0,1787.0,21,1964.0,4.0,26.0,,A000786,CPS,1964-04-26,2021-02-01,786,0,1
ROBERT,SIMPSON,772360486.0,1788.0,51,1977.0,5.0,4.0,,A000787,CPS,1977-05-04,2021-06-27,787,1,0
DAVID,PEREZ,449288868.0,1789.0,49,1960.0,8.0,24.0,,A000788,GPS,1960-08-24,2021-09-23,788,1,1
JOHN,MORGAN,860642931.0,1790.0,16,1976.0,11.0,15.0,,A000789,CPS,1976-11-15,2022-07-14,789,1,0
JOHN,SMITH,527867979.0,1791.0,21,1985.0,3.0,7.0,,A000790,GPS,1985-03-07,2020-03-07,790,0,0
STEPHANIE,HUGHES,822457021.0,1792.0,62,2002.0,7.0,2.0,,A000791,CPS,2002-07-02,2021-12-25,791,0,0
MICHAEL,JONES,300617283.0,1793.0,3,1997.0,8.0,25.0,,A000792,GPS,1997-08-25,2022-04-10,792,1,0
JENNIFER,TAYLOR,734516841.0,1794.0,21,1963.0,11.0,25.0,,A000793,CPS,1963-11-25,2021-01-20,793,1,0
AARON,WALKER,135850243.0,1795.0,34,1963.0,7.0,6.0,,A000794,CPS,1963-07-06,2019-12-05,794,0,0
JAMES,TURNER,846977506.0,1796.0,42,1972.0,2.0,11.0,,A000795,CPS,1972-02-11,2020-05-15,795,0,1
AMY,BROWN,121425594.0,1797.0,44,1985.0,12.0,22.0,1.0,A000796,CPS,1985-12-22,2021-07-09,796,0,0
CHRISTOPHER,JOHNSON,793310682.0,1798.0,24,1990.0,2.0,19.0,,A000797,GPS,1990-02-19,2019-07-27,797,1,1
KEITH,BROWN,366257073.0,1799.0,12,1978.0,7.0,10.0,,A000798,CPS,1978-07-10,2021-04-06,798,0,0
MATTHEW,SCHMIDT,573339400.0,1800.0,9,1965.0,12.0,2.0,,A000799,CPS,1965-12-02,2022-12-15,799,1,1
MARTHA,HUNTER,751278706.0,1801.0,12,1997.0,3.0,20.0,,A000800,CPS,1997-03-20,2022-06-21,800,0,1
JAMES,GUTIERREZ,782525066.0,1802.0,42,1988.0,7.0,9.0,,A000801,CPS,1988-07-09,2021-11-02,801,1,1
JOHN,HENDERSON,344423619.0,1803.0,39,1963.0,2.0,15.0,,A000802,CPS,1963-02-15,2018-01-01,802,1,1
ARTHUR,PERRY,871623872.0,1804.0,58,1978.0,5.0,15.0,,A000803,GPS,1978-05-15,2019-02-04,803,0,1
JAMES,PHILLIPS,734670170.0,1805.0,24,1990.0,5.0,10.0,,A000804,GPS,1990-05-10,2020-02-16,804,0,0
ELIZABETH,JIMENEZ,266260515.0,1806.0,23,1962.0,2.0,5.0,,A000805,CPS,1962-02-05,2021-08-21,805,0,0
SOPHIA,DAVIS,599060670.0,1807.0,40,2002.0,9.0,1.0,,A000806,CPS,2002-09-01,2019-05-02,806,0,0
JAMES,WARD,429137207.0,1808.0,67,1985.0,6.0,24.0,,A000807,CPS,1985-06-24,2019-03-16,807,0,0
WILLIAM,MARSHALL,413527732.0,1809.0,22,1969.0,1.0,20.0,,A000808,GPS,1969-01-20,2021-01-05,808,0,1
ROBERT,BENNETT,726030151.0,1810.0,31,1999.0,12.0,19.0,,A000809,CPS,1999-12-19,2022-03-26,809,0,1
JOSEPH,DAVIS,164252270.0,1811.0,38,1988.0,11.0,14.0,,A000810,GPS,1988-11-14,2019-03-02,810,1,0
ANTHONY,SPENCER,255599050.0,1812.0,29,1979.0,2.0,25.0,,A000811,CPS,1979-02-25,2022-11-13,811,1,1
JESSICA,LEE,899512529.0,1813.0,15,2002.0,7.0,24.0,2.0,A000812,GPS,2002-07-24,2018-09-15,812,1,0
MICHAEL,SMITH,966932629.0,1814.0,31,1987.0,2.0,6.0,,A000813,GPS,1987-02-06,2020-05-04,813,1,0
ROBERT,HERNANDEZ,190968398.0,1815.0,20,1965.0,2.0,19.0,,A000814,GPS,1965-02-19,2021-04-17,814,1,0
THOMAS,BROWN,843694383.0,1816.0,40,1988.0,12.0,1.0,,A000815,CPS,1988-12-01,2018-10-20,815,0,0
LARRY,JONES,648386755.0,1817.0,34,2002.0,5.0,14.0,,A000816,CPS,2002-05-14,2022-12-10,816,0,1
KIMBERLY,MITCHELL,156520522.0,1818.0,61,2004.0,11.0,6.0,1.0,A000817,CPS,2004-11-06,2022-08-09,817,1,1
SUSAN,GRAVES,891507788.0,1819.0,61,1972.0,1.0,3.0,,A000818,CPS,1972-01-03,2022-05-13,818,1,0
GARY,LOPEZ,719497648.0,1820.0,32,1975.0,3.0,1.0,,A000819,CPS,1975-03-01,2020-07-06,819,0,1
ROBERT,MILLER,729951138.0,1821.0,33,1990.0,8.0,4.0,2.0,A000820,GPS,1990-08-04,2021-02-27,820,1,1
JULIE,REED,784911212.0,1822.0,3,1974.0,6.0,9.0,,A000821,GPS,1974-06-09,2018-02-21,821,1,0
BRITTANY,DOUGLAS,686519125.0,1823.0,16,1978.0,10.0,14.0,,A000822,CPS,1978-10-14,2021-05-13,822,0,0
HENRY,HOWARD,998994995.0,1824.0,14,1992.0,6.0,10.0,,A000823,GPS,1992-06-10,2021-01-02,823,0,1
THOMAS,LOPEZ,484688213.0,1825.0,42,2004.0,2.0,11.0,,A000824,CPS,2004-02-11,2022-12-13,824,1,0
STEVEN,BROWN,991159245.0,1826.0,47,2002.0,3.0,6.0,,A000825,GPS,2002-03-06,2018-12-16,825,0,1
JAMES,WILLIAMS,790044092.0,1827.0,56,1964.0,6.0,4.0,,A000826,CPS,1964-06-04,2021-02-15,826,0,0
JENNIFER,JOHNSON,681983074.0,1828.0,31,1961.0,8.0,14.0,,A000827,GPS,1961-08-14,2021-09-27,827,0,0
EMMA,TAYLOR,295186295.0,1829.0,5,1966.0,2.0,3.0,,A000828,GPS,1966-02-03,2019-08-27,828,1,0
PATRICIA,ROBERTS,140571235.0,1830.0,1,1987.0,12.0,28.0,,A000829,CPS,1987-12-28,2020-03-19,829,0,0
JANET,SILVA,381288869.0,1831.0,6,1982.0,11.0,18.0,,A000830,GPS,1982-11-18,2018-11-04,830,1,0
SHARON,KELLEY,720246145.0,1832.0,23,1991.0,4.0,7.0,,A000831,GPS,1991-04-07,2019-01-01,831,1,0
PATRICK,ANDERSON,619358496.0,1833.0,44,1998.0,10.0,28.0,,A000832,CPS,1998-10-28,2018-05-09,832,0,0
PATRICK,POTTER,647855104.0,1834.0,20,1968.0,3.0,14.0,,A000833,GPS,1968-03-14,2022-07-11,833,0,1
NANCY,HERNANDEZ,861444478.0,1835.0,57,1972.0,1.0,5.0,,A000834,GPS,1972-01-05,2022-05-27,834,0,0
ANDREW,PALMER,585619559.0,1836.0,25,1976.0,2.0,8.0,,A000835,CPS,1976-02-08,2018-12-06,835,0,1
STEVEN,MURRAY,918839108.0,1837.0,56,1965.0,9.0,23.0,,A000836,GPS,1965-09-23,2020-11-05,836,0,0
DIANE,KELLY,232619411.0,1838.0,42,1986.0,8.0,21.0,,A000837,CPS,1986-08-21,2020-10-05,837,1,0
MELISSA,BROWN,194258773.0,1839.0,40,1991.0,10.0,25.0,,A000838,GPS,1991-10-25,2020-01-07,838,0,0
SARAH,SMITH,164007759.0,1840.0,46,1995.0,4.0,10.0,,A000839,GPS,1995-04-10,2019-04-05,839,1,0
PATRICIA,BURNS,753511118.0,1841.0,3,1976.0,8.0,4.0,,A000840,GPS,1976-08-04,2019-05-26,840,0,0
JESSICA,MURPHY,257040086.0,1842.0,18,1969.0,3.0,19.0,,A000841,GPS,1969-03-19,2021-11-01,841,0,1
ANNA,JOHNSON,187184940.0,1843.0,24,1988.0,12.0,15.0,,A000842,GPS,1988-12-15,2021-07-17,842,0,1
MARY,NICHOLS,101872520.0,1844.0,36,1985.0,1.0,18.0,,A000843,GPS,1985-01-18,2022-03-12,843,1,1
BENJAMIN,STEPHENS,206043146.0,1845.0,52,1966.0,2.0,8.0,,A000844,CPS,1966-02-08,2022-01-26,844,0,1
TIMOTHY,SOTO,391627400.0,1846.0,4,1976.0,4.0,13.0,,A000845,GPS,1976-04-13,2020-04-22,845,1,0
JAMES,KING,575093486.0,1847.0,55,2002.0,6.0,22.0,,A000846,CPS,2002-06-22,2021-03-21,846,0,0
ROBERT,JONES,920539690.0,1848.0,63,1965.0,5.0,2.0,,A000847,CPS,1965-05-02,2019-10-22,847,0,1
JOHN,MARTIN,165464876.0,1849.0,63,1988.0,8.0,26.0,,A000848,CPS,1988-08-26,2020-01-10,848,1,1
RALPH,WRIGHT,827227856.0,1850.0,36,1979.0,11.0,25.0,,A000849,GPS,1979-11-25,2018-08-04,849,0,1
KEITH,JONES,613842126.0,1851.0,47,1971.0,3.0,5.0,,A000850,CPS,1971-03-05,2019-04-18,850,0,1
LINDA,PEARSON,139151399.0,1852.0,11,1978.0,12.0,9.0,,A000851,CPS,1978-12-09,2020-03-11,851,0,0
JOHN,GARCIA,327872067.0,1853.0,7,1987.0,3.0,28.0,,A000852,CPS,1987-03-28,2021-10-08,852,0,1
AMBER,MILLER,971251854.0,1854.0,58,1960.0,4.0,24.0,,A000853,CPS,1960-04-24,2021-04-08,853,1,1
CAROL,BROWN,794485857.0,1855.0,13,1979.0,11.0,3.0,,A000854,CPS,1979-11-03,2021-12-25,854,1,0
BEVERLY,BROWN,519618614.0,1856.0,51,1971.0,4.0,17.0,,A000855,GPS,1971-04-17,2021-09-18,855,0,1
THOMAS,JACKSON,250890952.0,1857.0,25,2004.0,10.0,26.0,,A000856,CPS,2004-10-26,2022-04-19,856,0,0
JUDITH,SPENCER,827529142.0,1858.0,30,1988.0,11.0,8.0,,A000857,CPS,1988-11-08,2019-02-24,857,1,0
ANNA,ELLIS,655136021.0,1859.0,66,2000.0,4.0,28.0,,A000858,CPS,2000-04-28,2018-11-19,858,0,0
CHERYL,TORRES,775973455.0,1860.0,12,1988.0,11.0,8.0,,A000859,CPS,1988-11-08,2020-07-08,859,0,1
JAMES,GARCIA,448864049.0,1861.0,39,1977.0,8.0,7.0,,A000860,CPS,1977-08-07,2018-06-23,860,1,1
MARY,LEE,867015380.0,1862.0,36,2004.0,3.0,14.0,,A000861,CPS,2004-03-14,2018-08-15,861,0,0
JENNIFER,WHITE,831995196.0,1863.0,42,1962.0,8.0,14.0,,A000862,CPS,1962-08-14,2019-10-20,862,0,1
JAMES,OLSON,120317106.0,1864.0,31,1962.0,12.0,5.0,,A000863,CPS,1962-12-05,2021-09-23,863,0,1
JAMES,SANCHEZ,556519776.0,1865.0,27,1986.0,9.0,11.0,,A000864,CPS,1986-09-11,2020-07-21,864,0,0
JACOB,SMITH,576492453.0,1866.0,55,1983.0,4.0,9.0,,A000865,CPS,1983-04-09,2018-11-26,865,0,0
JONATHAN,KING,899893309.0,1867.0,28,2001.0,12.0,28.0,,A000866,CPS,2001-12-28,2022-12-09,866,0,0
MEGAN,HERNANDEZ,211539529.0,1868.0,30,1963.0,10.0,3.0,,A000867,GPS,1963-10-03,2019-06-13,867,0,1
JOHN,SANDERS,519165191.0,1869.0,32,1961.0,6.0,7.0,,A000868,GPS,1961-06-07,2021-01-13,868,0,0
MARY,JONES,488885626.0,1870.0,67,1970.0,11.0,16.0,,A000869,CPS,1970-11-16,2018-08-27,869,0,1
JAMES,RUSSELL,247787376.0,1871.0,21,1980.0,12.0,1.0,,A000870,GPS,1980-12-01,2021-11-18,870,0,1
STEPHEN,ADAMS,831325623.0,1872.0,45,1997.0,11.0,21.0,,A000871,CPS,1997-11-21,2022-11-09,871,0,0
ROBERT,WRIGHT,246592302.0,1873.0,50,1988.0,1.0,16.0,,A000872,GPS,1988-01-16,2021-05-07,872,0,0
TERESA,WILSON,841038796.0,1874.0,15,1999.0,12.0,13.0,,A000873,GPS,1999-12-13,2020-07-15,873,0,1
MATTHEW,HICKS,917310750.0,1875.0,35,1989.0,11.0,5.0,,A000874,CPS,1989-11-05,2022-11-07,874,1,1
JOHN,WHITE,987128338.0,1876.0,21,1983.0,8.0,17.0,,A000875,CPS,1983-08-17,2019-12-17,875,1,0
KATHERINE,TAYLOR,190852992.0,1877.0,56,1997.0,9.0,22.0,,A000876,GPS,1997-09-22,2020-07-10,876,1,1
MICHAEL,HUNT,104981211.0,1878.0,30,1978.0,1.0,21.0,,A000877,GPS,1978-01-21,2022-04-11,877,0,1
WILLIAM,JOHNSON,749511287.0,1879.0,62,1973.0,3.0,9.0,,A000878,CPS,1973-03-09,2018-04-21,878,0,1
DAVID,RODRIGUEZ,732934417.0,1880.0,2,1968.0,5.0,15.0,,A000879,CPS,1968-05-15,2022-04-19,879,0,0
AMY,JONES,295412624.0,1881.0,28,1961.0,1.0,2.0,,A000880,CPS,1961-01-02,2020-07-19,880,1,1
CHRISTOPHER,MURPHY,449369767.0,1882.0,61,1995.0,4.0,22.0,,A000881,CPS,1995-04-22,2020-07-21,881,0,1
SANDRA,GORDON,488545910.0,1883.0,23,2002.0,7.0,2.0,,A000882,CPS,2002-07-02,2021-12-23,882,1,0
SARAH,SIMPSON,508573634.0,1884.0,67,1982.0,4.0,11.0,,A000883,GPS,1982-04-11,2020-05-04,883,1,1
GERALD,BREWER,941519138.0,1885.0,5,1976.0,7.0,6.0,,A000884,GPS,1976-07-06,2022-10-17,884,0,0
ANNA,HENDERSON,137394469.0,1886.0,58,1997.0,7.0,6.0,,A000885,CPS,1997-07-06,2018-12-12,885,0,0
CHRISTOPHER,HERNANDEZ,317077236.0,1887.0,38,1984.0,8.0,23.0,1.0,A000886,GPS,1984-08-23,2019-08-10,886,0,1
PAUL,HARRIS,947529226.0,1888.0,66,1985.0,3.0,9.0,,A000887,CPS,1985-03-09,2018-07-03,887,0,0
DIANA,BAILEY,730241210.0,1889.0,47,1968.0,1.0,8.0,,A000888,CPS,1968-01-08,2020-07-16,888,0,0
JONATHAN,HALL,230299173.0,1890.0,41,1983.0,12.0,12.0,,A000889,CPS,1983-12-12,2021-09-11,889,0,0
JONATHAN,HARPER,109877908.0,1891.0,38,1965.0,12.0,3.0,,A000890,CPS,1965-12-03,2020-08-21,890,0,1
CHARLES,MASON,394223325.0,1892.0,50,1980.0,8.0,21.0,,A000891,GPS,1980-08-21,2022-01-14,891,0,1
MICHAEL,GREEN,308017416.0,1893.0,31,1969.0,5.0,23.0,2.0,A000892,CPS,1969-05-23,2020-02-12,892,1,0
JAMES,TORRES,940242649.0,1894.0,35,1965.0,5.0,15.0,,A000893,GPS,1965-05-15,2018-05-27,893,1,1
DAVID,SMITH,671038743.0,1895.0,16,1982.0,5.0,26.0,2.0,A000894,CPS,1982-05-26,2022-05-07,894,0,1
JENNIFER,ANDERSON,979597610.0,1896.0,46,1991.0,1.0,22.0,,A000895,GPS,1991-01-22,2020-05-15,895,0,0
SANDRA,ADAMS,808129579.0,1897.0,39,1997.0,2.0,24.0,,A000896,CPS,1997-02-24,2019-10-11,896,1,1
BENJAMIN,CLARK,373639320.0,1898.0,31,1993.0,11.0,8.0,,A000897,CPS,1993-11-08,2019-04-15,897,0,0
MARY,MITCHELL,897501079.0,1899.0,5,2004.0,4.0,17.0,,A000898,CPS,2004-04-17,2020-05-04,898,1,0
ANTHONY,JOHNSON,720059065.0,1900.0,59,1986.0,6.0,6.0,,A000899,GPS,1986-06-06,2021-11-04,899,0,1
JENNIFER,BAKER,965864549.0,1901.0,62,2001.0,10.0,14.0,,A000900,CPS,2001-10-14,2020-05-07,900,0,1
ELIZABETH,WILLIAMS,680235434.0,1902.0,11,1980.0,8.0,23.0,,A000901,GPS,1980-08-23,2018-05-12,901,1,1
JACQUELINE,WARREN,407451940.0,1903.0,10,1968.0,12.0,1.0,,A000902,CPS,1968-12-01,2020-02-19,902,1,1
ROBERT,CHEN,957850752.0,1904.0,40,1990.0,4.0,5.0,,A000903,CPS,1990-04-05,2019-04-15,903,1,0
KATHRYN,PEREZ,705443762.0,1905.0,9,1966.0,3.0,1.0,,A000904,GPS,1966-03-01,2018-08-09,904,0,0
JESSICA,GORDON,868794544.0,1906.0,56,1978.0,1.0,15.0,,A000905,CPS,1978-01-15,2021-01-26,905,1,0
CHARLOTTE,JAMES,937318422.0,1907.0,14,1990.0,12.0,7.0,,A000906,CPS,1990-12-07,2019-06-28,906,1,1
CHRISTOPHER,ROSE,744831117.0,1908.0,6,1968.0,9.0,9.0,,A000907,CPS,1968-09-09,2018-12-04,907,0,0
EMILY,CARLSON,390077675.0,1909.0,44,1964.0,6.0,1.0,,A000908,CPS,1964-06-01,2022-11-15,908,1,0
SUSAN,LOPEZ,802266646.0,1910.0,67,1962.0,2.0,6.0,,A000909,CPS,1962-02-06,2018-10-17,909,1,0
DAVID,SPENCER,647879015.0,1911.0,27,1971.0,2.0,19.0,,A000910,GPS,1971-02-19,2022-07-01,910,0,0
STEPHANIE,GONZALES,932417515.0,1912.0,62,1975.0,1.0,19.0,,A000911,CPS,1975-01-19,2020-06-02,911,0,0
DAVID,SULLIVAN,945841494.0,1913.0,10,1976.0,4.0,17.0,,A000912,CPS,1976-04-17,2021-03-11,912,0,1
ROBERT,WATKINS,721433941.0,1914.0,55,1967.0,10.0,20.0,,A000913,CPS,1967-10-20,2022-07-22,913,1,1
JAMES,GARCIA,333688437.0,1915.0,22,1988.0,12.0,18.0,,A000914,GPS,1988-12-18,2018-09-14,914,0,1
JOHN,GARCIA,548854377.0,1916.0,65,1976.0,11.0,26.0,,A000915,CPS,1976-11-26,2019-01-18,915,0,0
SANDRA,THOMAS,155169827.0,1917.0,50,1987.0,11.0,24.0,,A000916,CPS,1987-11-24,2018-03-03,916,1,1
PATRICK,BROOKS,947823742.0,1918.0,37,1967.0,2.0,18.0,,A000917,CPS,1967-02-18,2021-08-09,917,1,1
SUSAN,CLARK,302277445.0,1919.0,61,1972.0,11.0,20.0,,A000918,CPS,1972-11-20,2021-03-18,918,1,1
AMY,JOHNSON,379815829.0,1920.0,44,1995.0,6.0,12.0,,A000919,CPS,1995-06-12,2018-10-06,919,0,1
RYAN,JOHNSON,842101122.0,1921.0,16,2002.0,10.0,5.0,,A000920,CPS,2002-10-05,2022-10-28,920,1,1
DIANE,ORTIZ,115722573.0,1922.0,53,1966.0,10.0,19.0,,A000921,CPS,1966-10-19,2021-10-19,921,1,1
LISA,BROWN,822811522.0,1923.0,19,1998.0,7.0,18.0,,A000922,GPS,1998-07-18,2021-11-20,922,1,1
KATHERINE,FOSTER,457177113.0,1924.0,25,1977.0,3.0,26.0,,A000923,CPS,1977-03-26,2018-11-28,923,0,1
CHARLES,GONZALEZ,897332605.0,1925.0,22,1988.0,1.0,8.0,,A000924,GPS,1988-01-08,2020-03-04,924,1,1
LINDA,SMITH,622388326.0,1926.0,10,1973.0,1.0,21.0,,A000925,CPS,1973-01-21,2022-09-16,925,0,1
JOHN,BROWN,310703717.0,1927.0,63,1983.0,9.0,12.0,,A000926,GPS,1983-09-12,2018-01-09,926,0,0
ROBERT,CASTRO,758129622.0,1928.0,56,1986.0,3.0,9.0,,A000927,CPS,1986-03-09,2020-11-04,927,0,0
ROBERT,WHITE,577320465.0,1929.0,4,1995.0,1.0,2.0,,A000928,CPS,1995-01-02,2022-01-09,928,0,0
LINDA,BLACK,481129114.0,1930.0,67,1960.0,2.0,26.0,,A000929,GPS,1960-02-26,2021-10-27,929,1,1
KEVIN,KING,241546346.0,1931.0,41,1972.0,5.0,15.0,3.0,A000930,GPS,1972-05-15,2022-11-17,930,0,0
MARY,MARTINEZ,104553554.0,1932.0,29,1995.0,11.0,26.0,,A000931,GPS,1995-11-26,2020-11-06,931,0,0
MARGARET,MARTINEZ,511180632.0,1933.0,17,1999.0,11.0,19.0,,A000932,CPS,1999-11-19,2021-03-10,932,1,0
MARY,MORGAN,956483539.0,1934.0,13,1967.0,2.0,16.0,,A000933,CPS,1967-02-16,2021-10-28,933,1,1
CHRISTOPHER,PEREZ,293081978.0,1935.0,5,1985.0,7.0,14.0,,A000934,CPS,1985-07-14,2022-08-22,934,1,0
BRIAN,FOX,807738605.0,1936.0,65,1970.0,8.0,14.0,,A000935,CPS,1970-08-14,2020-11-25,935,1,1
AMBER,LEE,771896429.0,1937.0,27,1971.0,6.0,2.0,,A000936,CPS,1971-06-02,2020-11-11,936,1,0
BETTY,MARSHALL,897931115.0,1938.0,15,1991.0,8.0,20.0,,A000937,CPS,1991-08-20,2018-03-21,937,1,0
NATALIE,WARREN,197848228.0,1939.0,35,1973.0,2.0,14.0,,A000938,CPS,1973-02-14,2021-01-04,938,0,1
JUDITH,CASTILLO,359460683.0,1940.0,58,1966.0,10.0,7.0,,A000939,GPS,1966-10-07,2018-03-09,939,1,1
MATTHEW,MILLER,302231332.0,1941.0,50,1994.0,4.0,2.0,,A000940,GPS,1994-04-02,2019-04-25,940,1,1
LINDA,MOORE,974884761.0,1942.0,11,1995.0,1.0,19.0,3.0,A000941,GPS,1995-01-19,2019-03-04,941,1,1
SOPHIA,MILLER,156781957.0,1943.0,43,1985.0,9.0,10.0,,A000942,CPS,1985-09-10,2022-04-23,942,0,1
JENNIFER,ANDERSON,893590125.0,1944.0,26,1979.0,11.0,8.0,,A000943,GPS,1979-11-08,2020-12-12,943,0,0
PATRICIA,WILLIAMS,568981562.0,1945.0,53,2000.0,6.0,28.0,,A000944,GPS,2000-06-28,2022-05-26,944,1,0
DAVID,GONZALEZ,106282266.0,1946.0,3,1993.0,7.0,17.0,,A000945,GPS,1993-07-17,2021-12-28,945,0,0
ARTHUR,THOMPSON,986998687.0,1947.0,13,1979.0,4.0,20.0,,A000946,GPS,1979-04-20,2022-01-16,946,0,1
DONALD,LEE,316200036.0,1948.0,18,1962.0,2.0,18.0,,A000947,CPS,1962-02-18,2021-01-16,947,1,1
BETTY,LEE,428244255.0,1949.0,33,1966.0,7.0,27.0,,A000948,CPS,1966-07-27,2022-06-22,948,1,1
JAMES,CLARK,325316008.0,1950.0,2,1974.0,4.0,22.0,,A000949,CPS,1974-04-22,2022-09-24,949,1,1
MICHAEL,STEPHENS,244319634.0,1951.0,9,1977.0,4.0,15.0,,A000950,GPS,1977-04-15,2019-08-16,950,1,0
JENNIFER,MORRIS,226323097.0,1952.0,38,1991.0,5.0,14.0,,A000951,GPS,1991-05-14,2018-12-24,951,0,0
DAVID,LOPEZ,128912249.0,1953.0,10,1975.0,12.0,14.0,,A000952,GPS,1975-12-14,2022-09-10,952,0,1
DOROTHY,DEAN,181702828.0,1954.0,65,2003.0,10.0,3.0,,A000953,CPS,2003-10-03,2021-09-23,953,0,1
JENNIFER,HERNANDEZ,671585678.0,1955.0,38,1991.0,4.0,16.0,,A000954,GPS,1991-04-16,2020-02-20,954,1,0
DANIEL,COOK,865760700.0,1956.0,24,1981.0,11.0,17.0,,A000955,GPS,1981-11-17,2019-12-23,955,1,0
JENNIFER,SULLIVAN,514893768.0,1957.0,14,1972.0,11.0,3.0,,A000956,CPS,1972-11-03,2022-01-24,956,0,1
JAMES,MUNOZ,700003864.0,1958.0,43,1991.0,12.0,3.0,,A000957,GPS,1991-12-03,2021-10-05,957,0,1
ERIC,LANE,874600923.0,1959.0,46,1983.0,7.0,10.0,,A000958,CPS,1983-07-10,2022-12-21,958,0,0
JAMES,SMITH,447562206.0,1960.0,29,1993.0,5.0,9.0,,A000959,CPS,1993-05-09,2020-12-23,959,1,0
RICHARD,PARK,585669331.0,1961.0,58,1970.0,2.0,17.0,,A000960,GPS,1970-02-17,2018-09-14,960,0,1
WILLIAM,ROMERO,737778225.0,1962.0,12,2004.0,4.0,9.0,,A000961,CPS,2004-04-09,2022-08-10,961,0,1
KIMBERLY,ROBERTS,789958609.0,1963.0,47,1961.0,10.0,8.0,1.0,A000962,CPS,1961-10-08,2021-02-06,962,1,0
JENNIFER,SIMPSON,191634322.0,1964.0,50,1984.0,8.0,22.0,,A000963,GPS,1984-08-22,2018-12-24,963,0,1
LISA,CRAWFORD,421948636.0,1965.0,47,2004.0,12.0,11.0,,A000964,CPS,2004-12-11,2022-03-26,964,0,1
SANDRA,KENNEDY,511372086.0,1966.0,5,1978.0,4.0,21.0,,A000965,GPS,1978-04-21,2022-11-09,965,1,1
ELIZABETH,COOPER,327488060.0,1967.0,51,1964.0,2.0,4.0,,A000966,CPS,1964-02-04,2020-10-19,966,1,0
JAMES,WATSON,801018784.0,1968.0,31,1997.0,7.0,23.0,,A000967,CPS,1997-07-23,2020-11-03,967,0,0
BRIAN,SMITH,774133929.0,1969.0,18,1975.0,2.0,23.0,,A000968,CPS,1975-02-23,2021-12-28,968,1,1
JOSEPH,RUSSELL,907118629.0,1970.0,47,1991.0,1.0,27.0,,A000969,GPS,1991-01-27,2021-02-28,969,0,1
MARY,BURTON,226299208.0,1971.0,45,1986.0,3.0,27.0,,A000970,CPS,1986-03-27,2020-02-25,970,1,1
JOAN,HERNANDEZ,227316551.0,1972.0,35,1989.0,1.0,27.0,,A000971,CPS,1989-01-27,2018-11-01,971,1,0
AARON,WATKINS,822615817.0,1973.0,17,1962.0,12.0,12.0,,A000972,CPS,1962-12-12,2021-12-25,972,0,1
SAMANTHA,WOLFE,181981898.0,1974.0,25,1991.0,8.0,9.0,,A000973,CPS,1991-08-09,2022-10-06,973,0,0
JAMES,JOHNSON,456029955.0,1975.0,20,1969.0,7.0,10.0,,A000974,CPS,1969-07-10,2021-10-01,974,0,0
JAMES,WILLIAMS,709773637.0,1976.0,17,1974.0,7.0,10.0,,A000975,GPS,1974-07-10,2021-12-23,975,1,0
EVELYN,ROSE,432431226.0,1977.0,57,1994.0,11.0,1.0,,A000976,CPS,1994-11-01,2020-02-12,976,0,0
CHRISTOPHER,JOHNSON,725780550.0,1978.0,40,1997.0,10.0,9.0,,A000977,CPS,1997-10-09,2019-12-14,977,1,1
CAROLYN,WALKER,546732390.0,1979.0,18,2002.0,11.0,22.0,,A000978,CPS,2002-11-22,2018-02-27,978,1,1
PAUL,JOHNSON,495862784.0,1980.0,47,1983.0,2.0,16.0,,A000979,GPS,1983-02-16,2020-07-08,979,1,1
KATHLEEN,WHITE,879395027.0,1981.0,16,2001.0,4.0,25.0,,A000980,GPS,2001-04-25,2022-07-01,980,1,1
NICOLE,MCDONALD,592019351.0,1982.0,65,2001.0,7.0,18.0,,A000981,GPS,2001-07-18,2018-11-07,981,1,1
GARY,ROBINSON,910484479.0,1983.0,30,1994.0,1.0,1.0,,A000982,CPS,1994-01-01,2019-06-15,982,0,0
MICHELLE,CLARK,461979140.0,1984.0,37,2004.0,5.0,21.0,,A000983,GPS,2004-05-21,2018-11-27,983,0,0
MARY,HOLMES,865680804.0,1985.0,35,1964.0,6.0,27.0,,A000984,CPS,1964-06-27,2018-03-20,984,0,0
DIANE,HAWKINS,811184182.0,1986.0,36,1966.0,5.0,12.0,,A000985,GPS,1966-05-12,2019-06-22,985,0,1
MICHAEL,DOUGLAS,463513715.0,1987.0,27,1998.0,1.0,2.0,,A000986,GPS,1998-01-02,2021-06-05,986,1,1
DONALD,BROOKS,541405274.0,1988.0,44,1991.0,3.0,3.0,,A000987,CPS,1991-03-03,2018-02-27,987,0,1
THOMAS,MURRAY,457781558.0,1989.0,50,1964.0,5.0,6.0,,A000988,CPS,1964-05-06,2019-04-21,988,0,0
REBECCA,RODRIGUEZ,204139870.0,1990.0,16,1968.0,6.0,10.0,,A000989,CPS,1968-06-10,2022-04-08,989,1,1
MARY,ELLIOTT,661328827.0,1991.0,3,1984.0,5.0,27.0,,A000990,CPS,1984-05-27,2022-08-27,990,1,1
LOUIS,WOODS,916830248.0,1992.0,50,1996.0,7.0,21.0,,A000991,GPS,1996-07-21,2022-02-02,991,1,0
MARY,TURNER,508773114.0,1993.0,12,1977.0,9.0,8.0,,A000992,CPS,1977-09-08,2021-08-17,992,0,1
HEATHER,WELLS,269372214.0,1994.0,22,1961.0,8.0,15.0,,A000993,CPS,1961-08-15,2019-03-14,993,1,0
MARY,PEREZ,523450971.0,1995.0,35,1969.0,7.0,28.0,,A000994,CPS,1969-07-28,2020-05-22,994,0,0
SARAH,DIAZ,892259192.0,1996.0,42,1991.0,2.0,14.0,2.0,A000995,CPS,1991-02-14,2019-12-05,995,1,1
TERRY,THOMPSON,516490109.0,1997.0,24,1968.0,7.0,23.0,1.0,A000996,GPS,1968-07-23,2021-05-06,996,1,1
PATRICIA,MARTINEZ,490392057.0,1998.0,39,1990.0,2.0,17.0,,A000997,CPS,1990-02-17,2019-08-24,997,1,1
TIMOTHY,BROWN,685696848.0,1999.0,15,1998.0,10.0,13.0,,A000998,CPS,1998-10-13,2021-03-25,998,0,0
PATRICIA,MARTIN,109831167.0,2000.0,2,1966.0,1.0,10.0,,A000999,GPS,1966-01-10,2018-04-19,999,1,1
MICHELLE,LEE,516685467.0,2001.0,53,1985.0,4.0,3.0,,A001000,CPS,1985-04-03,2018-01-20,1000,0,0
MATTHEW,THOMAS,594647187.0,2002.0,31,1974.0,6.0,12.0,,A001001,CPS,1974-06-12,2020-05-13,1001,0,0
DENISE,WARD,428547749.0,2003.0,8,1968.0,5.0,20.0,,A001002,CPS,1968-05-20,2020-03-09,1002,1,1
JAMES,RODRIGUEZ,857873292.0,2004.0,11,1987.0,4.0,10.0,,A001003,GPS,1987-04-10,2021-08-22,1003,1,0
MARY,MILLS,440990723.0,2005.0,4,1977.0,6.0,24.0,,A001004,GPS,1977-06-24,2021-02-26,1004,1,1
JAMES,ANDERSON,972549957.0,2006.0,61,1971.0,6.0,24.0,,A001005,GPS,1971-06-24,2019-03-17,1005,0,0
ROGER,MOORE,839520847.0,2007.0,34,1984.0,12.0,1.0,1.0,A001006,GPS,1984-12-01,2022-11-09,1006,1,0
ELIZABETH,VASQUEZ,911897625.0,2008.0,63,1969.0,2.0,20.0,,A001007,GPS,1969-02-20,2022-11-16,1007,0,1
JAMES,JIMENEZ,266954960.0,2009.0,38,1989.0,11.0,6.0,,A001008,CPS,1989-11-06,2022-08-08,1008,0,1
JEFFREY,MITCHELL,694946856.0,2010.0,38,1998.0,5.0,22.0,,A001009,CPS,1998-05-22,2019-02-16,1009,0,1
BILLY,BELL,642195631.0,2011.0,13,1982.0,12.0,14.0,,A001010,GPS,1982-12-14,2018-12-28,1010,1,0
BRUCE,LYONS,982838513.0,2012.0,15,1968.0,7.0,1.0,,A001011,CPS,1968-07-01,2018-02-17,1011,0,0
ROY,BRADLEY,845920914.0,2013.0,39,1999.0,5.0,22.0,1.0,A001012,GPS,1999-05-22,2019-08-14,1012,1,1
STEVEN,GRAHAM,445431381.0,2014.0,2,2003.0,6.0,19.0,,A001013,GPS,2003-06-19,2021-07-16,1013,0,0
CARLOS,PORTER,548054772.0,2015.0,56,1985.0,2.0,19.0,,A001014,GPS,1985-02-19,2019-03-02,1014,1,1
BENJAMIN,MILLER,395033094.0,2016.0,3,1967.0,6.0,18.0,,A001015,CPS,1967-06-18,2018-03-05,1015,0,1
MARY,CARTER,807708681.0,2017.0,14,1979.0,10.0,26.0,2.0,A001016,GPS,1979-10-26,2018-06-23,1016,0,0
BEVERLY,TAYLOR,650951205.0,2018.0,9,1983.0,4.0,6.0,,A001017,GPS,1983-04-06,2019-03-07,1017,0,1
BRIAN,GOMEZ,976762170.0,2019.0,40,1989.0,5.0,16.0,,A001018,CPS,1989-05-16,2022-04-09,1018,1,0
ANNA,MORENO,334691770.0,2020.0,62,2004.0,4.0,19.0,,A001019,CPS,2004-04-19,2020-06-12,1019,0,0
DANIELLE,TORRES,286779669.0,2021.0,10,1985.0,10.0,11.0,,A001020,CPS,1985-10-11,2021-06-28,1020,1,0
WILLIAM,MOORE,715776667.0,2022.0,30,1986.0,12.0,2.0,,A001021,GPS,1986-12-02,2020-01-24,1021,1,1
MARY,LOPEZ,437127192.0,2023.0,26,1989.0,2.0,28.0,,A001022,GPS,1989-02-28,2020-01-16,1022,1,1
MARY,GOMEZ,931882749.0,2024.0,46,1967.0,8.0,15.0,,A001023,CPS,1967-08-15,2022-06-16,1023,1,1
BARBARA,BLAKE,570070886.0,2025.0,33,1961.0,11.0,20.0,,A001024,GPS,1961-11-20,2022-08-14,1024,0,0
MARY,LOPEZ,142096609.0,2026.0,38,1976.0,2.0,24.0,,A001025,CPS,1976-02-24,2021-09-08,1025,0,1
OSCAR,SMITH,636021665.0,2027.0,58,1983.0,9.0,20.0,,A001026,CPS,1983-09-20,2018-09-04,1026,1,1
SARAH,WHITE,784995235.0,2028.0,30,2000.0,4.0,21.0,,A001027,CPS,2000-04-21,2020-07-17,1027,0,0
LAWRENCE,SANDERS,493649283.0,2029.0,13,1993.0,4.0,25.0,,A001028,GPS,1993-04-25,2021-11-22,1028,1,1
JUDITH,MILLER,938737276.0,2030.0,32,1972.0,12.0,19.0,,A001029,CPS,1972-12-19,2021-07-02,1029,1,0
RALPH,JONES,446462153.0,2031.0,10,1966.0,10.0,9.0,,A001030,CPS,1966-10-09,2018-10-06,1030,0,1
MARY,PEREZ,710439228.0,2032.0,4,1997.0,3.0,17.0,,A001031,CPS,1997-03-17,2020-08-21,1031,0,0
CHRISTINE,JOHNSON,999467150.0,2033.0,47,1992.0,12.0,14.0,,A001032,CPS,1992-12-14,2022-01-22,1032,1,1
JOSEPH,MILLS,634927911.0,2034.0,6,1976.0,2.0,5.0,,A001033,GPS,1976-02-05,2020-04-08,1033,1,1
DAVID,SIMMONS,249722799.0,2035.0,58,1986.0,1.0,19.0,,A001034,GPS,1986-01-19,2018-01-25,1034,0,0
JOHN,DIXON,948007548.0,2036.0,3,1986.0,8.0,5.0,,A001035,GPS,1986-08-05,2021-11-08,1035,1,0
PHILIP,SMITH,938930238.0,2037.0,29,2003.0,4.0,9.0,,A001036,CPS,2003-04-09,2022-09-21,1036,1,1
CHERYL,LEE,522458432.0,2038.0,63,1992.0,4.0,15.0,,A001037,CPS,1992-04-15,2022-06-26,1037,0,1
STEPHEN,DAVIS,147883251.0,2039.0,24,1965.0,1.0,4.0,,A001038,CPS,1965-01-04,2018-07-07,1038,0,1
GERALD,GARCIA,629647839.0,2040.0,56,1978.0,5.0,11.0,,A001039,GPS,1978-05-11,2022-05-19,1039,1,1
JAMES,BROWN,392755711.0,2041.0,62,1960.0,1.0,20.0,,A001040,GPS,1960-01-20,2019-09-04,1040,1,0
JOHN,ROBINSON,114266010.0,2042.0,49,1988.0,2.0,1.0,,A001041,GPS,1988-02-01,2021-11-26,1041,1,0
MARY,LOPEZ,973957122.0,2043.0,55,1967.0,2.0,23.0,2.0,A001042,GPS,1967-02-23,2020-10-22,1042,0,1
MARY,BROWN,288121185.0,2044.0,52,1975.0,10.0,8.0,,A001043,GPS,1975-10-08,2020-11-19,1043,0,0
MADISON,SMITH,860663714.0,2045.0,64,1995.0,2.0,14.0,,A001044,CPS,1995-02-14,2018-11-23,1044,0,0
JEREMY,NGUYEN,757152311.0,2046.0,51,1976.0,8.0,1.0,,A001045,CPS,1976-08-01,2022-07-12,1045,0,0
JAMES,HALL,147446142.0,2047.0,64,1969.0,1.0,24.0,,A001046,GPS,1969-01-24,2018-08-19,1046,0,1
FRED,HERNANDEZ,727226529.0,2048.0,37,1979.0,6.0,25.0,,A001047,CPS,1979-06-25,2021-03-26,1047,1,0
ASHLEY,SMITH,886703317.0,2049.0,62,1983.0,5.0,25.0,,A001048,GPS,1983-05-25,2021-08-28,1048,1,1
MARY,BRADLEY,406556810.0,2050.0,2,1964.0,3.0,1.0,,A001049,CPS,1964-03-01,2019-03-27,1049,0,1
KIMBERLY,COX,365874345.0,2051.0,1,1999.0,9.0,24.0,1.0,A001050,CPS,1999-09-24,2022-03-04,1050,1,1
KENNETH,PETERS,215323460.0,2052.0,28,1975.0,3.0,5.0,,A001051,CPS,1975-03-05,2019-08-21,1051,1,1
JAMES,JONES,758130279.0,2053.0,61,1989.0,6.0,18.0,,A001052,GPS,1989-06-18,2021-02-15,1052,1,1
EMILY,SMITH,836109789.0,2054.0,58,1994.0,2.0,28.0,,A001053,GPS,1994-02-28,2018-04-18,1053,0,1
MICHELLE,ADAMS,835642829.0,2055.0,6,1977.0,10.0,24.0,,A001054,CPS,1977-10-24,2022-12-06,1054,1,1
JEFFREY,JONES,256134488.0,2056.0,9,1960.0,11.0,26.0,,A001055,GPS,1960-11-26,2018-05-21,1055,1,0
JUDITH,RODRIGUEZ,104078364.0,2057.0,67,1997.0,6.0,9.0,,A001056,GPS,1997-06-09,2021-06-21,1056,1,0
JEAN,MORRIS,762184205.0,2058.0,11,2000.0,1.0,11.0,,A001057,CPS,2000-01-11,2021-11-06,1057,0,0
AMY,ROBERTS,211962620.0,2059.0,54,1976.0,2.0,9.0,,A001058,CPS,1976-02-09,2020-09-03,1058,1,0
JAMES,GARCIA,910277101.0,2060.0,13,1993.0,3.0,24.0,,A001059,CPS,1993-03-24,2019-08-01,1059,1,1
NATALIE,THOMAS,758681444.0,2061.0,51,1990.0,5.0,9.0,,A001060,GPS,1990-05-09,2021-09-04,1060,0,0
CHRISTINA,LEE,644679017.0,2062.0,8,1977.0,2.0,11.0,,A001061,CPS,1977-02-11,2019-01-25,1061,0,0
JAMES,WILSON,530469673.0,2063.0,15,1982.0,7.0,13.0,2.0,A001062,CPS,1982-07-13,2019-11-15,1062,0,1
MARY,RODRIGUEZ,577522771.0,2064.0,12,1976.0,4.0,28.0,,A001063,GPS,1976-04-28,2018-06-21,1063,1,1
JAMES,GARCIA,389471426.0,2065.0,62,1976.0,8.0,13.0,,A001064,GPS,1976-08-13,2020-12-16,1064,1,1
LARRY,SMITH,111015858.0,2066.0,3,1984.0,6.0,25.0,,A001065,CPS,1984-06-25,2018-11-16,1065,0,1
JAMES,SMITH,656169099.0,2067.0,65,1986.0,1.0,18.0,,A001066,GPS,1986-01-18,2022-01-20,1066,1,0
BRANDON,SULLIVAN,737018030.0,2068.0,46,1995.0,8.0,19.0,,A001067,CPS,1995-08-19,2022-08-21,1067,1,1
JASON,BAKER,153919521.0,2069.0,13,1960.0,11.0,24.0,,A001068,GPS,1960-11-24,2021-11-04,1068,1,0
MARY,RHODES,113959634.0,2070.0,31,1967.0,7.0,25.0,,A001069,GPS,1967-07-25,2020-05-09,1069,1,0
TERESA,JOHNSON,965143690.0,2071.0,8,1992.0,2.0,2.0,,A001070,CPS,1992-02-02,2018-04-07,1070,0,1
PATRICIA,TORRES,223178885.0,2072.0,18,1999.0,5.0,17.0,,A001071,GPS,1999-05-17,2020-03-17,1071,1,1
THOMAS,JAMES,793766650.0,2073.0,4,1997.0,4.0,10.0,,A001072,CPS,1997-04-10,2020-12-27,1072,1,1
RONALD,ROSS,647468343.0,2074.0,29,1988.0,4.0,4.0,,A001073,GPS,1988-04-04,2018-09-16,1073,0,1
BETTY,KELLY,666728494.0,2075.0,40,1964.0,4.0,5.0,,A001074,CPS,1964-04-05,2021-12-08,1074,0,1
DENNIS,NGUYEN,740505218.0,2076.0,59,1966.0,4.0,27.0,,A001075,GPS,1966-04-27,2020-03-14,1075,0,1
CHARLES,HAYNES,622290627.0,2077.0,35,1966.0,3.0,5.0,,A001076,CPS,1966-03-05,2018-05-19,1076,1,1
SARAH,JOHNSON,119870241.0,2078.0,21,1984.0,4.0,16.0,,A001077,GPS,1984-04-16,2020-08-22,1077,0,0
MARY,ADAMS,985392182.0,2079.0,12,1990.0,5.0,24.0,,A001078,CPS,1990-05-24,2022-02-08,1078,0,0
KAREN,CHEN,478812603.0,2080.0,5,1967.0,8.0,3.0,,A001079,GPS,1967-08-03,2018-12-08,1079,0,1
JOHNNY,DAVIS,623853730.0,2081.0,36,1973.0,7.0,24.0,,A001080,GPS,1973-07-24,2020-11-20,1080,1,0
TYLER,FREEMAN,602201634.0,2082.0,8,1970.0,4.0,11.0,,A001081,CPS,1970-04-11,2018-02-27,1081,1,1
JERRY,CAMPBELL,711072731.0,2083.0,11,1993.0,2.0,17.0,,A001082,CPS,1993-02-17,2019-11-26,1082,1,0
ELIZABETH,SIMMONS,478438045.0,2084.0,9,2001.0,6.0,4.0,,A001083,GPS,2001-06-04,2019-11-21,1083,1,0
PAMELA,THOMAS,919027688.0,2085.0,5,1964.0,5.0,27.0,,A001084,CPS,1964-05-27,2021-02-11,1084,0,1
JACK,JOHNSON,899571743.0,2086.0,39,1977.0,1.0,10.0,,A001085,CPS,1977-01-10,2018-11-10,1085,1,0
KAREN,COX,838312744.0,2087.0,65,1982.0,12.0,13.0,,A001086,CPS,1982-12-13,2018-01-06,1086,0,1
DEBRA,PEREZ,720030007.0,2088.0,38,1989.0,10.0,22.0,,A001087,CPS,1989-10-22,2020-07-16,1087,0,1
PHILIP,MASON,622248713.0,2089.0,64,1969.0,10.0,12.0,,A001088,CPS,1969-10-12,2018-09-17,1088,1,1
KELLY,JONES,205320493.0,2090.0,2,1978.0,3.0,3.0,,A001089,CPS,1978-03-03,2018-07-18,1089,0,1
JOHN,ANDERSON,525421991.0,2091.0,20,1970.0,3.0,17.0,,A001090,GPS,1970-03-17,2022-07-18,1090,0,0
ANDREA,GOMEZ,220982688.0,2092.0,38,1991.0,2.0,2.0,,A001091,CPS,1991-02-02,2021-03-24,1091,1,0
CAROLYN,SILVA,394750096.0,2093.0,30,2003.0,9.0,6.0,,A001092,GPS,2003-09-06,2021-02-11,1092,0,1
ROBERT,LONG,741720139.0,2094.0,64,1985.0,10.0,24.0,,A001093,CPS,1985-10-24,2018-09-28,1093,1,0
NICHOLAS,GRAHAM,927187014.0,2095.0,58,1983.0,1.0,8.0,,A001094,GPS,1983-01-08,2022-01-23,1094,1,1
GREGORY,MARTINEZ,908784161.0,2096.0,2,1991.0,4.0,27.0,,A001095,GPS,1991-04-27,2021-12-20,1095,1,1
PATRICIA,GONZALES,837099596.0,2097.0,18,1990.0,7.0,25.0,,A001096,CPS,1990-07-25,2019-07-06,1096,0,0
ISABELLA,BELL,116201388.0,2098.0,3,1964.0,9.0,7.0,,A001097,CPS,1964-09-07,2022-01-20,1097,0,0
NATALIE,CARLSON,885028390.0,2099.0,8,1999.0,10.0,14.0,,A001098,GPS,1999-10-14,2018-02-27,1098,1,0
MICHAEL,THOMAS,205719499.0,2100.0,64,2001.0,2.0,20.0,,A001099,GPS,2001-02-20,2022-12-26,1099,1,0
LAURA,MILLER,911303386.0,2101.0,4,2004.0,4.0,9.0,,A001100,GPS,2004-04-09,2018-08-21,1100,1,1
LORI,WILLIAMS,301585461.0,2102.0,41,1983.0,5.0,21.0,,A001101,CPS,1983-05-21,2018-08-13,1101,1,1
ALEXANDER,HUNTER,190455480.0,2103.0,47,1972.0,7.0,1.0,,A001102,CPS,1972-07-01,2018-04-12,1102,0,1
EDWARD,WAGNER,898847714.0,2104.0,62,1989.0,7.0,25.0,,A001103,CPS,1989-07-25,2022-04-09,1103,1,1
BEVERLY,SHAW,976736077.0,2105.0,54,1971.0,11.0,9.0,,A001104,GPS,1971-11-09,2019-05-04,1104,1,1
ROBERT,RHODES,692883152.0,2106.0,16,1961.0,4.0,21.0,,A001105,CPS,1961-04-21,2022-07-28,1105,0,0
BOBBY,SANCHEZ,892068813.0,2107.0,41,2004.0,5.0,27.0,,A001106,CPS,2004-05-27,2019-10-20,1106,1,1
MADISON,RAMIREZ,196377566.0,2108.0,26,1970.0,10.0,17.0,,A001107,GPS,1970-10-17,2019-02-24,1107,1,0
SUSAN,RAMOS,508433159.0,2109.0,30,1970.0,6.0,21.0,,A001108,GPS,1970-06-21,2019-01-06,1108,0,0
BRANDON,BURKE,444119808.0,2110.0,47,2003.0,1.0,10.0,,A001109,GPS,2003-01-10,2021-08-07,1109,0,0
PATRICIA,COLEMAN,510316552.0,2111.0,47,1995.0,2.0,22.0,,A001110,CPS,1995-02-22,2020-10-02,1110,0,1
ANTHONY,EVANS,787631986.0,2112.0,14,1993.0,7.0,11.0,,A001111,CPS,1993-07-11,2018-02-07,1111,0,0
ROBERT,SMITH,861082475.0,2113.0,20,1974.0,3.0,17.0,,A001112,CPS,1974-03-17,2020-04-11,1112,0,1
EDWARD,WILLIAMS,826938172.0,2114.0,15,1966.0,6.0,20.0,,A001113,CPS,1966-06-20,2022-10-23,1113,1,0
KEVIN,WILLIAMS,399689383.0,2115.0,14,1963.0,8.0,22.0,,A001114,GPS,1963-08-22,2021-11-13,1114,1,0
DONALD,FLORES,245171428.0,2116.0,28,1995.0,10.0,14.0,,A001115,GPS,1995-10-14,2019-11-15,1115,1,1
JACOB,PERKINS,785323439.0,2117.0,46,1984.0,9.0,8.0,,A001116,GPS,1984-09-08,2020-09-16,1116,1,1
JOAN,JACKSON,198921833.0,2118.0,1,1963.0,12.0,7.0,,A001117,GPS,1963-12-07,2019-09-09,1117,0,0
SARA,SMITH,275756910.0,2119.0,2,1964.0,11.0,4.0,,A001118,CPS,1964-11-04,2020-06-14,1118,0,1
PATRICIA,KENNEDY,193343978.0,2120.0,3,1969.0,3.0,3.0,,A001119,CPS,1969-03-03,2022-02-09,1119,1,1
JENNIFER,THOMAS,610574969.0,2121.0,12,2001.0,8.0,16.0,,A001120,GPS,2001-08-16,2019-02-04,1120,0,0
MARGARET,PATEL,444706718.0,2122.0,46,1969.0,6.0,8.0,,A001121,CPS,1969-06-08,2021-01-16,1121,1,0
LAURA,JOHNSON,641230285.0,2123.0,9,1962.0,8.0,14.0,1.0,A001122,GPS,1962-08-14,2018-09-08,1122,1,1
JAMES,SMITH,268078274.0,2124.0,16,2003.0,5.0,3.0,,A001123,GPS,2003-05-03,2021-05-27,1123,0,1
KIMBERLY,WISE,506293868.0,2125.0,2,2000.0,7.0,7.0,,A001124,GPS,2000-07-07,2022-03-26,1124,1,1
JUDITH,WHITE,417486207.0,2126.0,57,1995.0,11.0,17.0,,A001125,CPS,1995-11-17,2021-12-18,1125,1,1
FRANCES,JONES,672461469.0,2127.0,64,1970.0,8.0,26.0,,A001126,CPS,1970-08-26,2020-03-26,1126,0,0
STEVEN,RODRIGUEZ,205623049.0,2128.0,2,1998.0,8.0,23.0,,A001127,GPS,1998-08-23,2022-08-21,1127,1,1
FRED,MITCHELL,445283594.0,2129.0,58,1965.0,6.0,21.0,,A001128,GPS,1965-06-21,2020-01-23,1128,1,1
ANNA,RIVERA,480232084.0,2130.0,10,2001.0,5.0,8.0,,A001129,GPS,2001-05-08,2018-10-22,1129,1,0
DENISE,ROBINSON,236641924.0,2131.0,19,1980.0,6.0,2.0,,A001130,CPS,1980-06-02,2019-10-24,1130,1,0
MADISON,MILLER,865512661.0,2132.0,28,1966.0,9.0,21.0,,A001131,GPS,1966-09-21,2020-10-28,1131,1,1
MARY,FISHER,810549094.0,2133.0,30,2001.0,4.0,8.0,,A001132,GPS,2001-04-08,2021-12-18,1132,1,0
SARAH,LEE,522565347.0,2134.0,30,1983.0,4.0,10.0,,A001133,GPS,1983-04-10,2020-03-02,1133,1,1
GARY,SHAW,962328405.0,2135.0,31,1966.0,8.0,13.0,,A001134,GPS,1966-08-13,2021-02-20,1134,0,1
MICHAEL,OWENS,832825002.0,2136.0,31,1972.0,10.0,3.0,,A001135,CPS,1972-10-03,2021-11-18,1135,1,1
KENNETH,PEREZ,739425016.0,2137.0,23,1968.0,2.0,25.0,,A001136,GPS,1968-02-25,2020-03-09,1136,1,1
DOROTHY,FERNANDEZ,392485775.0,2138.0,53,1995.0,6.0,28.0,,A001137,CPS,1995-06-28,2021-10-07,1137,1,1
JAMES,LEE,365260912.0,2139.0,32,1963.0,10.0,18.0,,A001138,CPS,1963-10-18,2018-01-25,1138,1,0
KAREN,LOPEZ,645205693.0,2140.0,33,1996.0,4.0,19.0,,A001139,GPS,1996-04-19,2022-08-08,1139,0,1
BETTY,MORRIS,491160157.0,2141.0,29,1973.0,10.0,7.0,,A001140,CPS,1973-10-07,2019-04-18,1140,1,1
SARAH,SMITH,507419410.0,2142.0,21,1987.0,9.0,15.0,,A001141,GPS,1987-09-15,2019-08-11,1141,0,0
JOHNNY,COOPER,862508711.0,2143.0,13,1990.0,10.0,23.0,,A001142,CPS,1990-10-23,2022-04-05,1142,0,1
JOHN,HERNANDEZ,708202641.0,2144.0,58,1967.0,9.0,26.0,,A001143,CPS,1967-09-26,2022-07-17,1143,0,1
ASHLEY,CARTER,626708633.0,2145.0,32,1997.0,4.0,23.0,,A001144,GPS,1997-04-23,2022-09-04,1144,1,0
BETTY,WRIGHT,578106028.0,2146.0,35,1974.0,1.0,3.0,1.0,A001145,CPS,1974-01-03,2018-11-21,1145,0,0
THERESA,ANDREWS,650203934.0,2147.0,23,1985.0,9.0,10.0,,A001146,GPS,1985-09-10,2018-12-20,1146,1,1
STEVEN,BREWER,565163991.0,2148.0,9,1964.0,9.0,8.0,,A001147,GPS,1964-09-08,2021-06-28,1147,1,1
JAMES,GARCIA,860423530.0,2149.0,61,1976.0,12.0,20.0,,A001148,CPS,1976-12-20,2022-05-03,1148,1,1
AMANDA,MILLER,645936134.0,2150.0,23,1999.0,1.0,8.0,,A001149,CPS,1999-01-08,2018-01-05,1149,0,0
SEAN,MENDEZ,372512691.0,2151.0,28,1976.0,5.0,25.0,,A001150,GPS,1976-05-25,2022-07-18,1150,1,1
MICHAEL,JOHNSON,929338267.0,2152.0,24,1962.0,3.0,1.0,,A001151,CPS,1962-03-01,2018-08-14,1151,1,0
JOYCE,WILLIAMS,694484059.0,2153.0,32,1979.0,1.0,3.0,3.0,A001152,GPS,1979-01-03,2019-07-11,1152,1,0
RAYMOND,MORALES,783839741.0,2154.0,44,1979.0,11.0,24.0,,A001153,CPS,1979-11-24,2021-01-13,1153,0,0
MICHAEL,RAMIREZ,317547998.0,2155.0,6,1986.0,2.0,9.0,,A001154,CPS,1986-02-09,2021-08-28,1154,1,1
KAREN,FOSTER,507916262.0,2156.0,40,1984.0,2.0,14.0,,A001155,GPS,1984-02-14,2020-10-18,1155,0,0
PATRICIA,COOPER,662476677.0,2157.0,1,1999.0,2.0,8.0,,A001156,GPS,1999-02-08,2022-04-06,1156,0,1
KATHERINE,GOMEZ,395131787.0,2158.0,3,1975.0,3.0,21.0,,A001157,GPS,1975-03-21,2018-02-26,1157,0,1
ALICE,LEWIS,752341875.0,2159.0,30,1985.0,5.0,24.0,,A001158,CPS,1985-05-24,2021-07-22,1158,1,0
RICHARD,EDWARDS,806439881.0,2160.0,53,1982.0,9.0,24.0,,A001159,CPS,1982-09-24,2018-08-11,1159,0,1
FRANK,BROWN,540722109.0,2161.0,18,2004.0,3.0,11.0,,A001160,GPS,2004-03-11,2020-04-20,1160,1,1
ANDREW,ANDERSON,184082331.0,2162.0,63,1969.0,2.0,12.0,,A001161,CPS,1969-02-12,2022-11-28,1161,1,1
MATTHEW,HARRIS,214334736.0,2163.0,8,1978.0,12.0,27.0,,A001162,GPS,1978-12-27,2020-06-12,1162,1,1
BRANDON,THOMAS,956194632.0,2164.0,59,2001.0,7.0,3.0,,A001163,CPS,2001-07-03,2022-05-20,1163,0,1
ERIC,ROBINSON,658505894.0,2165.0,27,2003.0,3.0,21.0,,A001164,CPS,2003-03-21,2020-09-23,1164,1,0
MARK,BROWN,855838945.0,2166.0,10,1972.0,1.0,10.0,,A001165,CPS,1972-01-10,2020-01-27,1165,1,0
FRANK,GOMEZ,828279621.0,2167.0,19,1986.0,9.0,15.0,,A001166,GPS,1986-09-15,2021-02-25,1166,1,0
MARY,HERNANDEZ,164655770.0,2168.0,43,1978.0,12.0,9.0,,A001167,GPS,1978-12-09,2020-01-25,1167,0,0
DAVID,ROBERTS,352246678.0,2169.0,12,1968.0,6.0,9.0,,A001168,CPS,1968-06-09,2021-10-24,1168,0,0
JOSHUA,SMITH,629360035.0,2170.0,62,1967.0,2.0,13.0,,A001169,CPS,1967-02-13,2018-04-22,1169,0,1
JASON,FLORES,639805775.0,2171.0,47,1984.0,5.0,16.0,3.0,A001170,CPS,1984-05-16,2019-09-06,1170,0,1
LINDA,SMITH,451366188.0,2172.0,34,1994.0,12.0,18.0,,A001171,GPS,1994-12-18,2022-07-02,1171,1,1
MARY,HALL,190100775.0,2173.0,54,1988.0,1.0,18.0,,A001172,CPS,1988-01-18,2022-09-01,1172,1,0
MICHAEL,MEYER,804558643.0,2174.0,12,1998.0,11.0,16.0,,A001173,GPS,1998-11-16,2022-08-16,1173,0,0
CHRISTOPHER,SMITH,542196310.0,2175.0,5,1987.0,2.0,17.0,,A001174,GPS,1987-02-17,2019-04-27,1174,0,0
SEAN,BROWN,243289400.0,2176.0,12,1996.0,4.0,6.0,,A001175,GPS,1996-04-06,2020-07-13,1175,0,0
LAURA,SANDERS,693760287.0,2177.0,43,1976.0,3.0,28.0,,A001176,GPS,1976-03-28,2022-02-17,1176,1,0
BETTY,PEREZ,775209238.0,2178.0,5,2002.0,8.0,13.0,,A001177,CPS,2002-08-13,2020-02-12,1177,1,1
THERESA,MARTIN,193956129.0,2179.0,49,1960.0,4.0,17.0,,A001178,GPS,1960-04-17,2020-07-22,1178,1,1
MICHAEL,BROWN,192509355.0,2180.0,47,1988.0,7.0,26.0,,A001179,GPS,1988-07-26,2019-04-15,1179,1,0
SHIRLEY,NGUYEN,667678740.0,2181.0,52,1960.0,7.0,11.0,,A001180,CPS,1960-07-11,2019-03-01,1180,1,1
GRACE,EVANS,283329239.0,2182.0,63,1964.0,6.0,3.0,,A001181,CPS,1964-06-03,2019-02-05,1181,0,1
HEATHER,CLARK,912660889.0,2183.0,36,1997.0,3.0,25.0,,A001182,GPS,1997-03-25,2021-04-12,1182,1,1
LISA,SHAW,674844886.0,2184.0,25,1987.0,9.0,19.0,,A001183,GPS,1987-09-19,2022-10-10,1183,1,1
JACK,MENDEZ,956733262.0,2185.0,32,1994.0,2.0,12.0,,A001184,GPS,1994-02-12,2018-09-11,1184,1,0
KEITH,HARPER,417295428.0,2186.0,25,1965.0,7.0,28.0,,A001185,CPS,1965-07-28,2022-09-16,1185,1,0
RUTH,PORTER,664725923.0,2187.0,43,1961.0,5.0,20.0,,A001186,GPS,1961-05-20,2019-11-08,1186,0,0
GEORGE,RAY,773483120.0,2188.0,22,1983.0,10.0,28.0,,A001187,CPS,1983-10-28,2021-11-14,1187,1,1
SUSAN,CARTER,724887311.0,2189.0,62,1968.0,12.0,16.0,,A001188,CPS,1968-12-16,2018-02-28,1188,1,1
ROBERT,TORRES,813102219.0,2190.0,52,1996.0,8.0,17.0,,A001189,CPS,1996-08-17,2019-08-02,1189,1,0
JAMES,PETERSON,736959672.0,2191.0,6,1998.0,9.0,18.0,,A001190,GPS,1998-09-18,2022-03-17,1190,1,0
RACHEL,RYAN,153496546.0,2192.0,54,2003.0,7.0,22.0,,A001191,GPS,2003-07-22,2021-08-13,1191,1,1
ANGELA,ANDERSON,175177167.0,2193.0,8,2000.0,8.0,7.0,,A001192,GPS,2000-08-07,2020-06-08,1192,0,0
JAMES,BROOKS,796553400.0,2194.0,5,1971.0,9.0,9.0,,A001193,GPS,1971-09-09,2020-04-05,1193,0,1
VIRGINIA,ELLIOTT,776797685.0,2195.0,48,1980.0,8.0,21.0,,A001194,CPS,1980-08-21,2018-11-01,1194,0,1
MARY,ANDERSON,108451107.0,2196.0,48,1979.0,6.0,3.0,,A001195,CPS,1979-06-03,2021-10-08,1195,1,0
MARY,MORRIS,560800654.0,2197.0,52,1993.0,5.0,15.0,,A001196,CPS,1993-05-15,2021-01-13,1196,0,0
JAMES,GONZALEZ,543855642.0,2198.0,67,1967.0,2.0,7.0,,A001197,GPS,1967-02-07,2019-07-22,1197,0,1
WILLIAM,FRAZIER,382149625.0,2199.0,40,1973.0,11.0,20.0,,A001198,GPS,1973-11-20,2021-10-23,1198,0,1
WILLIAM,MORRIS,696185686.0,2200.0,44,2000.0,8.0,27.0,,A001199,CPS,2000-08-27,2020-07-12,1199,1,0
MARY,JOHNSON,984044519.0,2201.0,32,1970.0,12.0,17.0,,A001200,CPS,1970-12-17,2021-11-14,1200,1,1
JOSE,HICKS,927355146.0,2202.0,32,1996.0,7.0,10.0,,A001201,GPS,1996-07-10,2022-11-02,1201,1,0
CAROLYN,MORGAN,625400736.0,2203.0,23,1996.0,1.0,12.0,,A001202,GPS,1996-01-12,2020-03-09,1202,1,0
SARAH,GILBERT,546333117.0,2204.0,33,1983.0,2.0,26.0,,A001203,CPS,1983-02-26,2020-12-24,1203,0,0
JENNIFER,SNYDER,549801986.0,2205.0,53,1971.0,4.0,14.0,,A001204,GPS,1971-04-14,2020-12-25,1204,1,0
MARY,KING,532247455.0,2206.0,5,1971.0,8.0,23.0,,A001205,CPS,1971-08-23,2021-07-08,1205,0,1
KEITH,GARCIA,824351423.0,2207.0,28,1974.0,6.0,12.0,,A001206,GPS,1974-06-12,2020-06-11,1206,1,1
TYLER,THOMAS,305242079.0,2208.0,35,1967.0,10.0,19.0,,A001207,CPS,1967-10-19,2020-08-04,1207,0,1
PATRICIA,JOHNSON,275547843.0,2209.0,2,1987.0,4.0,18.0,,A001208,CPS,1987-04-18,2020-01-12,1208,1,0
CARLOS,SMITH,481253012.0,2210.0,4,1980.0,9.0,5.0,,A001209,CPS,1980-09-05,2022-11-08,1209,0,0
DAVID,REED,857139129.0,2211.0,8,1976.0,6.0,4.0,2.0,A001210,CPS,1976-06-04,2018-07-05,1210,0,1
JEAN,WATTS,222369732.0,2212.0,8,1989.0,10.0,26.0,,A001211,CPS,1989-10-26,2018-11-20,1211,1,0
JAMES,WATSON,763075802.0,2213.0,46,1986.0,4.0,2.0,,A001212,CPS,1986-04-02,2020-04-27,1212,0,0
MARIA,MARTIN,579662346.0,2214.0,47,1961.0,9.0,8.0,,A001213,GPS,1961-09-08,2018-06-20,1213,0,0
KENNETH,ALVAREZ,713654676.0,2215.0,37,1992.0,1.0,1.0,,A001214,GPS,1992-01-01,2021-10-09,1214,1,1
JOHN,FREEMAN,904931874.0,2216.0,30,2000.0,4.0,7.0,,A001215,CPS,2000-04-07,2022-01-09,1215,0,0
JEFFREY,THOMPSON,937292492.0,2217.0,34,2003.0,11.0,6.0,,A001216,GPS,2003-11-06,2018-11-11,1216,1,0
ROBERT,JONES,407024438.0,2218.0,28,2002.0,9.0,14.0,,A001217,CPS,2002-09-14,2021-06-09,1217,1,0
RONALD,COOK,174090042.0,2219.0,46,1969.0,1.0,5.0,,A001218,CPS,1969-01-05,2020-03-14,1218,0,0
ROBERT,MURRAY,216953019.0,2220.0,46,1996.0,5.0,21.0,,A001219,CPS,1996-05-21,2021-12-27,1219,0,1
NANCY,STEWART,541043620.0,2221.0,24,2000.0,4.0,10.0,,A001220,CPS,2000-04-10,2020-04-28,1220,0,1
PHILIP,HART,393151341.0,2222.0,63,1976.0,2.0,16.0,,A001221,CPS,1976-02-16,2019-11-05,1221,1,0
PATRICIA,EDWARDS,292073348.0,2223.0,47,1990.0,8.0,23.0,,A001222,CPS,1990-08-23,2022-09-12,1222,0,0
GRACE,JOHNSON,786892746.0,2224.0,48,2001.0,7.0,11.0,,A001223,CPS,2001-07-11,2019-06-27,1223,1,1
JAMES,CRUZ,134320805.0,2225.0,15,1970.0,10.0,18.0,,A001224,GPS,1970-10-18,2019-03-02,1224,0,0
LINDA,BLACK,511792761.0,2226.0,64,1974.0,2.0,4.0,,A001225,CPS,1974-02-04,2019-06-10,1225,1,0
ANGELA,ROBINSON,472207725.0,2227.0,66,2003.0,2.0,23.0,,A001226,CPS,2003-02-23,2021-04-22,1226,0,0
MARY,PERRY,178110662.0,2228.0,26,1992.0,7.0,15.0,,A001227,CPS,1992-07-15,2018-12-13,1227,1,0
BARBARA,MILLS,250351770.0,2229.0,8,2004.0,9.0,8.0,,A001228,GPS,2004-09-08,2020-03-03,1228,1,1
NATHAN,JONES,838245868.0,2230.0,3,1967.0,1.0,3.0,,A001229,GPS,1967-01-03,2021-02-10,1229,0,1
LISA,MILES,951424471.0,2231.0,64,1968.0,5.0,14.0,,A001230,GPS,1968-05-14,2018-02-21,1230,1,1
MARY,ROBERTS,506898907.0,2232.0,61,1965.0,8.0,13.0,,A001231,CPS,1965-08-13,2022-01-28,1231,1,1
JOHN,MILLER,294641776.0,2233.0,25,1965.0,10.0,13.0,,A001232,CPS,1965-10-13,2019-11-27,1232,1,0
ANGELA,TUCKER,265754026.0,2234.0,61,1984.0,1.0,3.0,,A001233,CPS,1984-01-03,2019-04-16,1233,1,1
JAMES,VASQUEZ,411909852.0,2235.0,41,1965.0,1.0,18.0,,A001234,CPS,1965-01-18,2018-09-03,1234,1,0
CAROL,WILLIAMS,312965077.0,2236.0,6,1986.0,1.0,28.0,,A001235,CPS,1986-01-28,2019-07-07,1235,0,0
JOYCE,ANDERSON,921052876.0,2237.0,57,1965.0,9.0,4.0,,A001236,GPS,1965-09-04,2021-11-10,1236,1,1
JANICE,ROMERO,936851314.0,2238.0,53,1996.0,10.0,4.0,,A001237,CPS,1996-10-04,2021-07-09,1237,0,0
JOHN,GRAY,307255182.0,2239.0,3,1969.0,9.0,13.0,,A001238,CPS,1969-09-13,2021-11-24,1238,0,0
RAYMOND,HAYNES,472966519.0,2240.0,23,2002.0,6.0,5.0,,A001239,GPS,2002-06-05,2019-11-28,1239,0,0
MARY,HUGHES,112537190.0,2241.0,20,1972.0,1.0,6.0,,A001240,GPS,1972-01-06,2022-01-04,1240,1,1
BOBBY,VARGAS,728466311.0,2242.0,4,2000.0,6.0,5.0,,A001241,CPS,2000-06-05,2020-02-01,1241,1,1
MATTHEW,JACKSON,373669396.0,2243.0,4,1965.0,3.0,5.0,,A001242,CPS,1965-03-05,2020-11-12,1242,0,1
JOHN,WOOD,900066543.0,2244.0,31,1960.0,3.0,25.0,,A001243,CPS,1960-03-25,2020-05-01,1243,0,1
EMILY,HALL,474943052.0,2245.0,57,2004.0,5.0,7.0,,A001244,GPS,2004-05-07,2021-06-22,1244,0,0
BRITTANY,SMITH,978026710.0,2246.0,46,1966.0,7.0,24.0,,A001245,GPS,1966-07-24,2018-06-28,1245,1,0
JOE,FOX,869341275.0,2247.0,44,1970.0,5.0,22.0,,A001246,GPS,1970-05-22,2020-10-12,1246,1,1
CAROL,GUTIERREZ,164195190.0,2248.0,65,1991.0,9.0,8.0,,A001247,GPS,1991-09-08,2021-11-13,1247,0,0
JAMES,SMITH,707194706.0,2249.0,27,1975.0,5.0,1.0,,A001248,GPS,1975-05-01,2022-03-03,1248,1,1
JENNIFER,RODRIGUEZ,670815559.0,2250.0,18,1996.0,6.0,11.0,,A001249,CPS,1996-06-11,2019-09-21,1249,0,1
MARY,RHODES,267214768.0,2251.0,8,1988.0,10.0,27.0,1.0,A001250,CPS,1988-10-27,2022-05-20,1250,1,0
DEBRA,HICKS,121482737.0,2252.0,50,1995.0,2.0,23.0,,A001251,GPS,1995-02-23,2018-09-23,1251,0,1
JOSEPH,MILLER,235816767.0,2253.0,8,1980.0,7.0,1.0,3.0,A001252,GPS,1980-07-01,2019-06-01,1252,0,0
JAMES,GARCIA,946197122.0,2254.0,46,1998.0,7.0,17.0,,A001253,CPS,1998-07-17,2018-06-07,1253,0,0
MARY,RODRIGUEZ,375257311.0,2255.0,2,2000.0,11.0,22.0,,A001254,GPS,2000-11-22,2021-07-07,1254,0,1
ANDREW,GORDON,688528989.0,2256.0,44,1971.0,7.0,8.0,1.0,A001255,GPS,1971-07-08,2022-09-05,1255,1,1
JOSEPH,MEYER,610128186.0,2257.0,8,1998.0,6.0,12.0,,A001256,GPS,1998-06-12,2020-09-13,1256,0,0
MARK,GOMEZ,617398914.0,2258.0,4,1979.0,7.0,28.0,,A001257,CPS,1979-07-28,2022-09-05,1257,1,1
ASHLEY,RICE,783181389.0,2259.0,46,1985.0,7.0,11.0,,A001258,CPS,1985-07-11,2021-03-09,1258,1,1
PAMELA,GONZALEZ,653240297.0,2260.0,54,1982.0,2.0,20.0,,A001259,CPS,1982-02-20,2021-09-11,1259,0,1
GEORGE,RYAN,203780456.0,2261.0,39,1980.0,2.0,4.0,,A001260,GPS,1980-02-04,2021-07-01,1260,0,1
THOMAS,STEPHENS,354226615.0,2262.0,40,1984.0,4.0,13.0,,A001261,GPS,1984-04-13,2019-02-18,1261,0,1
JOHN,TAYLOR,570646045.0,2263.0,60,1969.0,5.0,3.0,,A001262,CPS,1969-05-03,2020-06-26,1262,1,0
MARY,JENKINS,252965451.0,2264.0,52,1963.0,10.0,1.0,,A001263,CPS,1963-10-01,2021-07-04,1263,1,1
JOHN,SMITH,948329869.0,2265.0,54,1972.0,4.0,8.0,,A001264,CPS,1972-04-08,2021-06-11,1264,0,1
WILLIAM,GARCIA,402654497.0,2266.0,39,1976.0,11.0,14.0,,A001265,CPS,1976-11-14,2018-12-11,1265,1,1
RUTH,RAMIREZ,556795486.0,2267.0,4,2004.0,8.0,1.0,,A001266,GPS,2004-08-01,2021-08-14,1266,1,1
MARY,EDWARDS,361953667.0,2268.0,1,1991.0,7.0,11.0,,A001267,CPS,1991-07-11,2019-04-14,1267,1,0
KEITH,GONZALEZ,849690438.0,2269.0,32,1965.0,6.0,24.0,,A001268,CPS,1965-06-24,2021-06-02,1268,1,1
RICHARD,MENDOZA,118679348.0,2270.0,39,1973.0,9.0,8.0,,A001269,GPS,1973-09-08,2018-01-03,1269,0,0
CHARLES,WILLIAMS,247452329.0,2271.0,41,1962.0,8.0,26.0,,A001270,CPS,1962-08-26,2022-03-14,1270,1,0
MELISSA,SMITH,557145859.0,2272.0,50,1966.0,11.0,5.0,,A001271,CPS,1966-11-05,2021-09-26,1271,1,0
SHIRLEY,BROWN,894717259.0,2273.0,20,2002.0,4.0,15.0,,A001272,GPS,2002-04-15,2019-03-23,1272,1,1
KATHLEEN,PERKINS,856825720.0,2274.0,12,2002.0,8.0,15.0,2.0,A001273,CPS,2002-08-15,2020-08-24,1273,0,1
JAMES,SHAW,784998468.0,2275.0,6,1990.0,8.0,26.0,,A001274,CPS,1990-08-26,2019-02-07,1274,0,0
KAREN,BOYD,145245946.0,2276.0,48,1996.0,9.0,24.0,,A001275,GPS,1996-09-24,2019-07-01,1275,0,0
NATALIE,PETERSON,791237462.0,2277.0,32,1965.0,9.0,6.0,,A001276,CPS,1965-09-06,2020-03-16,1276,1,1
MARILYN,CASTILLO,359934542.0,2278.0,62,1971.0,11.0,18.0,,A001277,GPS,1971-11-18,2022-06-25,1277,0,1
SCOTT,MILLER,368619158.0,2279.0,2,1972.0,2.0,7.0,,A001278,GPS,1972-02-07,2020-11-19,1278,1,1
BARBARA,MARTIN,366369130.0,2280.0,65,1972.0,8.0,3.0,,A001279,GPS,1972-08-03,2018-10-09,1279,0,0
ROY,BROWN,357225221.0,2281.0,12,1962.0,12.0,9.0,,A001280,GPS,1962-12-09,2020-09-28,1280,1,0
LORI,BENNETT,100373136.0,2282.0,39,1966.0,9.0,25.0,,A001281,CPS,1966-09-25,2018-07-08,1281,0,0
ELIZABETH,FLORES,375998600.0,2283.0,11,1969.0,8.0,24.0,,A001282,CPS,1969-08-24,2021-10-21,1282,0,1
ANTHONY,WILLIAMS,581002626.0,2284.0,66,1981.0,2.0,27.0,1.0,A001283,CPS,1981-02-27,2018-12-22,1283,0,1
RACHEL,HERNANDEZ,335115166.0,2285.0,45,2004.0,11.0,24.0,,A001284,GPS,2004-11-24,2018-04-02,1284,1,1
MARY,HERNANDEZ,777821821.0,2286.0,66,1965.0,8.0,8.0,,A001285,CPS,1965-08-08,2019-02-17,1285,0,0
RAY,TUCKER,709134036.0,2287.0,59,1998.0,4.0,20.0,,A001286,GPS,1998-04-20,2019-12-24,1286,1,0
ASHLEY,JONES,823217660.0,2288.0,18,1986.0,9.0,9.0,,A001287,CPS,1986-09-09,2020-09-09,1287,1,1
SUSAN,CARTER,899668050.0,2289.0,22,1989.0,6.0,16.0,,A001288,CPS,1989-06-16,2018-10-15,1288,1,1
SARAH,COLEMAN,644135170.0,2290.0,54,1969.0,2.0,7.0,2.0,A001289,CPS,1969-02-07,2018-11-21,1289,1,1
JAMES,COOK,412450234.0,2291.0,30,1992.0,12.0,17.0,,A001290,GPS,1992-12-17,2021-04-28,1290,0,1
NICHOLAS,JENKINS,303605245.0,2292.0,20,1965.0,9.0,13.0,,A001291,GPS,1965-09-13,2022-01-27,1291,1,1
RAYMOND,MARTINEZ,841162499.0,2293.0,42,1966.0,6.0,23.0,,A001292,GPS,1966-06-23,2018-08-14,1292,1,0
JAMES,ADAMS,854277019.0,2294.0,1,1961.0,9.0,12.0,,A001293,GPS,1961-09-12,2022-11-25,1293,1,0
EMILY,MASON,591629823.0,2295.0,22,1979.0,6.0,6.0,,A001294,CPS,1979-06-06,2020-10-02,1294,1,0
MARGARET,DAVIS,245101678.0,2296.0,45,1986.0,12.0,21.0,,A001295,GPS,1986-12-21,2021-02-08,1295,1,1
ASHLEY,MARTINEZ,518317496.0,2297.0,34,1983.0,11.0,24.0,,A001296,CPS,1983-11-24,2020-02-14,1296,1,1
RICHARD,ROBINSON,604346331.0,2298.0,64,1962.0,12.0,7.0,,A001297,CPS,1962-12-07,2021-02-01,1297,1,0
RICHARD,JENKINS,453609554.0,2299.0,38,1967.0,2.0,9.0,,A001298,CPS,1967-02-09,2021-06-10,1298,1,1
JAMES,WILLIAMS,728803982.0,2300.0,27,1975.0,10.0,19.0,,A001299,GPS,1975-10-19,2018-01-17,1299,1,1
JENNIFER,ARNOLD,668804157.0,2301.0,46,1973.0,8.0,25.0,,A001300,CPS,1973-08-25,2021-04-02,1300,0,0
KAREN,POTTER,938180639.0,2302.0,17,1972.0,10.0,17.0,,A001301,GPS,1972-10-17,2020-06-03,1301,0,1
DANIEL,RUSSELL,327999015.0,2303.0,1,1980.0,3.0,13.0,,A001302,GPS,1980-03-13,2022-05-14,1302,0,0
MARK,MARTIN,948133485.0,2304.0,6,1995.0,1.0,1.0,2.0,A001303,CPS,1995-01-01,2018-10-01,1303,1,0
JESSE,BENNETT,934593677.0,2305.0,36,1970.0,7.0,5.0,,A001304,CPS,1970-07-05,2021-01-01,1304,1,0
MARK,MCGUIRE,832770655.0,2306.0,47,1962.0,8.0,22.0,,A001305,GPS,1962-08-22,2018-11-22,1305,1,1
MICHELLE,JOHNSON,638585463.0,2307.0,60,1995.0,3.0,13.0,,A001306,GPS,1995-03-13,2021-04-04,1306,0,0
KATHERINE,RYAN,633986654.0,2308.0,1,1979.0,2.0,17.0,,A001307,CPS,1979-02-17,2018-05-09,1307,1,1
PATRICK,PERRY,482149044.0,2309.0,21,1987.0,1.0,7.0,,A001308,CPS,1987-01-07,2019-12-10,1308,0,0
SANDRA,BRADLEY,364841498.0,2310.0,27,1966.0,6.0,12.0,,A001309,CPS,1966-06-12,2021-07-18,1309,0,1
CHRISTOPHER,MILES,334967235.0,2311.0,57,1985.0,4.0,2.0,,A001310,GPS,1985-04-02,2022-12-17,1310,1,1
JOHN,LOPEZ,323168586.0,2312.0,63,1969.0,12.0,6.0,,A001311,GPS,1969-12-06,2018-02-04,1311,1,0
FRANK,STEWART,743589710.0,2313.0,4,1975.0,9.0,19.0,,A001312,CPS,1975-09-19,2022-06-15,1312,0,0
JOHN,HARRIS,591446527.0,2314.0,62,1961.0,2.0,9.0,,A001313,GPS,1961-02-09,2020-09-01,1313,0,1
JEFFREY,SMITH,475885508.0,2315.0,43,1972.0,9.0,23.0,,A001314,GPS,1972-09-23,2022-08-21,1314,1,1
JAMES,RODRIGUEZ,897845561.0,2316.0,63,2002.0,11.0,3.0,,A001315,GPS,2002-11-03,2018-06-18,1315,0,0
VICTORIA,BROOKS,138614490.0,2317.0,55,1982.0,11.0,8.0,,A001316,GPS,1982-11-08,2019-07-19,1316,1,0
GARY,RODRIGUEZ,105379554.0,2318.0,46,1970.0,3.0,17.0,,A001317,CPS,1970-03-17,2021-11-09,1317,0,0
HELEN,JONES,732788356.0,2319.0,63,1973.0,5.0,13.0,,A001318,GPS,1973-05-13,2021-07-27,1318,1,0
OLIVIA,SMITH,787343035.0,2320.0,28,1965.0,12.0,7.0,1.0,A001319,GPS,1965-12-07,2020-10-28,1319,0,0
PATRICIA,GARCIA,435986343.0,2321.0,37,1970.0,5.0,16.0,,A001320,GPS,1970-05-16,2022-11-22,1320,0,1
CHARLES,REYES,808710989.0,2322.0,43,1970.0,10.0,25.0,2.0,A001321,GPS,1970-10-25,2022-10-18,1321,0,1
HAROLD,RAMIREZ,399043992.0,2323.0,25,1980.0,12.0,27.0,,A001322,CPS,1980-12-27,2019-12-16,1322,1,1
MARY,JOHNSON,476703843.0,2324.0,62,1972.0,5.0,2.0,2.0,A001323,GPS,1972-05-02,2018-12-28,1323,1,0
BARBARA,WILSON,667307996.0,2325.0,47,1968.0,4.0,5.0,,A001324,GPS,1968-04-05,2020-02-13,1324,1,1
MICHAEL,JOHNSON,904464303.0,2326.0,63,1969.0,10.0,3.0,1.0,A001325,GPS,1969-10-03,2018-02-23,1325,1,1
DENISE,CLARK,246648026.0,2327.0,27,1984.0,2.0,11.0,,A001326,GPS,1984-02-11,2021-08-19,1326,1,1
DONNA,CHAVEZ,705160217.0,2328.0,26,1966.0,11.0,22.0,,A001327,GPS,1966-11-22,2018-10-14,1327,0,0
DAVID,HARPER,378187465.0,2329.0,24,1990.0,10.0,24.0,,A001328,GPS,1990-10-24,2022-05-28,1328,1,1
LARRY,CLARK,460085504.0,2330.0,34,1970.0,8.0,18.0,,A001329,GPS,1970-08-18,2018-05-01,1329,1,0
RICHARD,ANDERSON,441161357.0,2331.0,49,1978.0,9.0,8.0,,A001330,CPS,1978-09-08,2022-07-11,1330,0,0
MICHAEL,WOOD,761557205.0,2332.0,22,1988.0,9.0,28.0,,A001331,GPS,1988-09-28,2018-06-28,1331,1,0
LINDA,GARCIA,383211435.0,2333.0,39,1978.0,4.0,28.0,,A001332,GPS,1978-04-28,2018-08-02,1332,0,1
BARBARA,FERGUSON,938884150.0,2334.0,28,1982.0,6.0,19.0,,A001333,CPS,1982-06-19,2022-02-07,1333,1,1
GREGORY,HAYNES,123880108.0,2335.0,67,1993.0,1.0,20.0,,A001334,CPS,1993-01-20,2019-10-06,1334,0,1
CHRISTOPHER,THOMAS,221310815.0,2336.0,41,1979.0,8.0,14.0,,A001335,GPS,1979-08-14,2022-06-22,1335,0,1
ELIZABETH,LEWIS,995697095.0,2337.0,17,1987.0,10.0,13.0,,A001336,CPS,1987-10-13,2020-12-15,1336,0,1
CHARLES,SMITH,471355923.0,2338.0,35,1980.0,10.0,23.0,,A001337,CPS,1980-10-23,2020-10-05,1337,1,1
JAMES,MASON,893170298.0,2339.0,29,1973.0,4.0,2.0,,A001338,GPS,1973-04-02,2020-02-04,1338,0,1
MARY,SMITH,182164067.0,2340.0,13,2003.0,6.0,15.0,,A001339,GPS,2003-06-15,2020-01-24,1339,0,1
LAURA,SMITH,321312720.0,2341.0,38,1991.0,11.0,7.0,,A001340,CPS,1991-11-07,2019-09-28,1340,0,0
DAVID,ADAMS,704057941.0,2342.0,28,1994.0,12.0,22.0,,A001341,CPS,1994-12-22,2022-01-07,1341,1,1
BILLY,NELSON,208404720.0,2343.0,44,2001.0,3.0,28.0,,A001342,CPS,2001-03-28,2018-05-17,1342,0,0
MARY,TAYLOR,831569607.0,2344.0,36,1977.0,3.0,11.0,,A001343,GPS,1977-03-11,2018-10-26,1343,1,1
DENNIS,LANE,532023296.0,2345.0,56,1984.0,11.0,27.0,,A001344,GPS,1984-11-27,2021-02-24,1344,0,0
LINDA,REYES,670579852.0,2346.0,45,1989.0,10.0,6.0,3.0,A001345,GPS,1989-10-06,2022-01-12,1345,1,1
PATRICIA,WEAVER,380518269.0,2347.0,10,1980.0,8.0,8.0,,A001346,CPS,1980-08-08,2021-07-08,1346,1,1
WILLIAM,WILSON,485740634.0,2348.0,24,1990.0,5.0,5.0,,A001347,CPS,1990-05-05,2019-02-21,1347,1,0
SARAH,HUNTER,132056949.0,2349.0,65,1996.0,4.0,23.0,,A001348,CPS,1996-04-23,2021-10-06,1348,1,1
ROBERT,NELSON,246456979.0,2350.0,31,1990.0,5.0,19.0,,A001349,CPS,1990-05-19,2019-05-01,1349,0,1
JAMES,BRADLEY,953671497.0,2351.0,26,1980.0,10.0,6.0,,A001350,CPS,1980-10-06,2020-11-24,1350,1,0
JANET,HOLMES,421634449.0,2352.0,59,1977.0,11.0,20.0,,A001351,GPS,1977-11-20,2020-12-17,1351,0,0
RACHEL,SIMPSON,897481579.0,2353.0,43,1982.0,11.0,10.0,,A001352,GPS,1982-11-10,2021-05-26,1352,0,1
JAMES,LEE,528208107.0,2354.0,62,1984.0,3.0,17.0,,A001353,CPS,1984-03-17,2019-11-09,1353,0,1
LINDA,GARRETT,328600706.0,2355.0,61,1964.0,10.0,6.0,,A001354,GPS,1964-10-06,2022-10-08,1354,1,0
SARAH,MILLER,369404707.0,2356.0,24,1977.0,9.0,25.0,,A001355,CPS,1977-09-25,2022-06-22,1355,0,0
FRANK,JOHNSON,589896808.0,2357.0,67,1991.0,4.0,7.0,,A001356,GPS,1991-04-07,2018-01-01,1356,1,1
JESSICA,MILLER,143240014.0,2358.0,60,1988.0,9.0,2.0,,A001357,GPS,1988-09-02,2018-03-12,1357,1,0
MICHAEL,HARRIS,931936402.0,2359.0,42,1979.0,2.0,7.0,,A001358,GPS,1979-02-07,2022-04-21,1358,0,1
ROBERT,JOHNSON,385372015.0,2360.0,37,1963.0,5.0,15.0,,A001359,CPS,1963-05-15,2021-08-03,1359,0,0
AMANDA,ROGERS,675120673.0,2361.0,30,1983.0,11.0,28.0,,A001360,GPS,1983-11-28,2019-01-06,1360,1,1
ELIZABETH,LEWIS,841897994.0,2362.0,58,2003.0,1.0,10.0,,A001361,GPS,2003-01-10,2022-08-26,1361,0,0
DONALD,ROBINSON,776307268.0,2363.0,38,1973.0,12.0,28.0,,A001362,GPS,1973-12-28,2019-05-24,1362,0,0
SHARON,HILL,760032470.0,2364.0,49,1964.0,6.0,14.0,,A001363,CPS,1964-06-14,2020-09-24,1363,1,1
RAY,CARLSON,833186328.0,2365.0,37,1976.0,11.0,25.0,,A001364,GPS,1976-11-25,2021-08-13,1364,0,0
GABRIEL,GRAVES,890271352.0,2366.0,28,2003.0,6.0,7.0,,A001365,CPS,2003-06-07,2019-08-28,1365,1,1
NICOLE,MARTINEZ,993892404.0,2367.0,32,1966.0,8.0,3.0,,A001366,GPS,1966-08-03,2021-07-02,1366,0,0
JAMES,WALKER,226859740.0,2368.0,46,1960.0,3.0,15.0,,A001367,GPS,1960-03-15,2018-07-19,1367,0,1
ROBERT,RODRIGUEZ,733912619.0,2369.0,51,1996.0,5.0,10.0,,A001368,CPS,1996-05-10,2020-10-28,1368,0,0
JAMES,TURNER,339858290.0,2370.0,53,1965.0,1.0,25.0,,A001369,CPS,1965-01-25,2018-04-19,1369,1,1
JONATHAN,JAMES,853282195.0,2371.0,44,1977.0,10.0,6.0,,A001370,GPS,1977-10-06,2019-01-23,1370,0,0
JAMES,RAMOS,721005510.0,2372.0,45,1995.0,8.0,12.0,,A001371,CPS,1995-08-12,2021-09-21,1371,0,1
JOAN,VARGAS,729263811.0,2373.0,57,1980.0,10.0,21.0,,A001372,CPS,1980-10-21,2021-10-17,1372,1,1
PATRICIA,WILLIAMS,590241681.0,2374.0,38,1962.0,2.0,16.0,,A001373,GPS,1962-02-16,2018-09-09,1373,0,0
LAUREN,RUSSELL,325516093.0,2375.0,55,1982.0,10.0,2.0,3.0,A001374,GPS,1982-10-02,2021-03-12,1374,1,0
MARY,ROBINSON,201814073.0,2376.0,40,1999.0,4.0,3.0,1.0,A001375,GPS,1999-04-03,2022-07-01,1375,1,0
ERIC,SMITH,107011967.0,2377.0,33,1964.0,1.0,10.0,,A001376,CPS,1964-01-10,2021-09-03,1376,1,1
BRANDON,PETERS,267211897.0,2378.0,8,1974.0,10.0,25.0,,A001377,GPS,1974-10-25,2019-07-06,1377,1,1
PATRICIA,TAYLOR,748021851.0,2379.0,39,1961.0,12.0,4.0,,A001378,GPS,1961-12-04,2022-03-03,1378,1,0
ANDREW,SMITH,740935464.0,2380.0,27,1997.0,10.0,24.0,,A001379,CPS,1997-10-24,2022-09-18,1379,1,1
JAMES,PAYNE,147700519.0,2381.0,44,1984.0,9.0,28.0,,A001380,CPS,1984-09-28,2019-05-05,1380,0,0
ROBERT,HERNANDEZ,256801691.0,2382.0,7,1967.0,5.0,15.0,,A001381,GPS,1967-05-15,2022-02-22,1381,1,1
ERIC,SMITH,956665106.0,2383.0,57,1975.0,8.0,5.0,,A001382,GPS,1975-08-05,2020-09-12,1382,0,1
WILLIAM,ANDERSON,169248193.0,2384.0,23,1973.0,11.0,22.0,2.0,A001383,GPS,1973-11-22,2021-02-22,1383,1,0
CHARLES,WATSON,329882473.0,2385.0,31,1979.0,2.0,24.0,,A001384,CPS,1979-02-24,2018-01-10,1384,0,1
GARY,CRAWFORD,141906245.0,2386.0,53,1973.0,10.0,12.0,,A001385,GPS,1973-10-12,2020-12-05,1385,0,0
DAVID,BROWN,475826300.0,2387.0,10,1992.0,3.0,26.0,,A001386,GPS,1992-03-26,2019-08-15,1386,1,1
BRIAN,WILSON,837503527.0,2388.0,15,1964.0,1.0,11.0,,A001387,GPS,1964-01-11,2020-08-04,1387,1,0
ANGELA,JACKSON,297132087.0,2389.0,1,1985.0,1.0,21.0,,A001388,CPS,1985-01-21,2019-05-03,1388,0,0
JULIE,DIXON,151103979.0,2390.0,15,1994.0,11.0,19.0,,A001389,GPS,1994-11-19,2020-11-13,1389,1,0
EDWARD,HERNANDEZ,243877308.0,2391.0,60,1971.0,2.0,10.0,,A001390,CPS,1971-02-10,2020-04-18,1390,1,0
JAMES,HART,815278713.0,2392.0,22,1963.0,3.0,11.0,,A001391,CPS,1963-03-11,2019-06-27,1391,1,1
JENNIFER,MORRIS,453998195.0,2393.0,40,1961.0,10.0,13.0,,A001392,CPS,1961-10-13,2022-07-24,1392,1,0
ROBERT,MORRIS,864996760.0,2394.0,28,1970.0,12.0,3.0,,A001393,CPS,1970-12-03,2021-06-22,1393,0,1
STEVEN,LEWIS,108179955.0,2395.0,42,1982.0,3.0,7.0,,A001394,CPS,1982-03-07,2021-04-23,1394,0,1
RANDY,ALLEN,458729919.0,2396.0,22,1990.0,10.0,24.0,,A001395,GPS,1990-10-24,2022-09-14,1395,1,0
KATHLEEN,SMITH,846928982.0,2397.0,4,1987.0,5.0,28.0,,A001396,CPS,1987-05-28,2019-09-06,1396,1,0
JOSHUA,ANDERSON,555112941.0,2398.0,59,1998.0,12.0,17.0,,A001397,GPS,1998-12-17,2018-08-18,1397,1,0
NANCY,WHITE,488598663.0,2399.0,35,1981.0,2.0,20.0,,A001398,GPS,1981-02-20,2021-04-03,1398,1,0
RICHARD,PRICE,151286368.0,2400.0,45,1980.0,10.0,14.0,,A001399,CPS,1980-10-14,2021-05-24,1399,1,0
WILLIAM,GRAY,751533403.0,2401.0,61,1961.0,10.0,9.0,,A001400,CPS,1961-10-09,2022-08-08,1400,0,0
JUDITH,LEWIS,178996223.0,2402.0,31,2003.0,2.0,6.0,,A001401,CPS,2003-02-06,2021-02-17,1401,1,1
ROBERT,RYAN,796139865.0,2403.0,42,1984.0,9.0,18.0,,A001402,CPS,1984-09-18,2020-10-08,1402,0,0
CHRISTINA,SMITH,969686861.0,2404.0,61,1974.0,2.0,7.0,,A001403,GPS,1974-02-07,2020-06-26,1403,1,0
ROBERT,BROWN,567591452.0,2405.0,54,1960.0,3.0,14.0,,A001404,CPS,1960-03-14,2019-08-27,1404,1,0
BARBARA,CUNNINGHAM,812496957.0,2406.0,41,1980.0,2.0,6.0,3.0,A001405,GPS,1980-02-06,2019-03-18,1405,1,0
PATRICIA,NELSON,847016635.0,2407.0,21,1978.0,5.0,21.0,,A001406,CPS,1978-05-21,2019-10-17,1406,0,1
JAMES,HARPER,917370321.0,2408.0,13,1962.0,9.0,20.0,,A001407,CPS,1962-09-20,2019-01-21,1407,0,0
BETTY,SANDERS,835851021.0,2409.0,12,1971.0,7.0,28.0,,A001408,GPS,1971-07-28,2021-06-28,1408,1,1
BARBARA,BERRY,618065460.0,2410.0,21,1992.0,3.0,16.0,,A001409,CPS,1992-03-16,2019-02-15,1409,1,0
JENNIFER,MILLER,609384939.0,2411.0,38,2001.0,6.0,15.0,,A001410,CPS,2001-06-15,2018-09-14,1410,1,0
JAMES,JONES,830716510.0,2412.0,43,1994.0,7.0,8.0,,A001411,GPS,1994-07-08,2021-01-22,1411,1,0
MARY,SMITH,222861759.0,2413.0,46,1968.0,11.0,1.0,,A001412,GPS,1968-11-01,2018-09-17,1412,1,0
MARY,KING,981894772.0,2414.0,39,1984.0,4.0,5.0,,A001413,GPS,1984-04-05,2020-01-10,1413,0,0
DORIS,PETERS,556290238.0,2415.0,39,1971.0,11.0,13.0,,A001414,GPS,1971-11-13,2020-08-06,1414,0,0
ROBERT,WILLIAMS,331780512.0,2416.0,14,1962.0,4.0,18.0,,A001415,CPS,1962-04-18,2019-03-20,1415,1,0
KATHLEEN,EDWARDS,471406018.0,2417.0,49,1996.0,6.0,19.0,,A001416,GPS,1996-06-19,2018-11-01,1416,0,1
JAMES,SMITH,304185842.0,2418.0,36,1975.0,11.0,14.0,,A001417,GPS,1975-11-14,2022-05-08,1417,0,1
THOMAS,CLARK,141756112.0,2419.0,51,1992.0,11.0,22.0,,A001418,CPS,1992-11-22,2020-11-28,1418,1,1
MARY,MORRIS,581480927.0,2420.0,46,1979.0,11.0,6.0,,A001419,CPS,1979-11-06,2021-03-22,1419,0,0
JAMES,LYONS,502673429.0,2421.0,45,1980.0,6.0,19.0,,A001420,CPS,1980-06-19,2022-02-25,1420,1,0
DONALD,MURPHY,683104300.0,2422.0,64,1978.0,7.0,21.0,,A001421,GPS,1978-07-21,2018-04-13,1421,0,1
SUSAN,WILLIAMS,174510875.0,2423.0,44,1996.0,6.0,9.0,,A001422,CPS,1996-06-09,2020-09-11,1422,0,0
MARY,SMITH,602735437.0,2424.0,64,1981.0,3.0,15.0,,A001423,CPS,1981-03-15,2019-05-23,1423,1,0
BETTY,GOMEZ,465248148.0,2425.0,55,1999.0,8.0,16.0,,A001424,GPS,1999-08-16,2020-11-09,1424,1,1
SUSAN,BROWN,662725906.0,2426.0,52,1969.0,10.0,10.0,,A001425,CPS,1969-10-10,2019-06-27,1425,0,1
JOHN,GONZALEZ,544519814.0,2427.0,7,1984.0,4.0,19.0,,A001426,GPS,1984-04-19,2018-01-05,1426,0,0
KEVIN,LEWIS,556745204.0,2428.0,16,1985.0,3.0,8.0,,A001427,CPS,1985-03-08,2019-05-13,1427,1,0
JOHN,FERNANDEZ,346598311.0,2429.0,46,1991.0,10.0,9.0,,A001428,CPS,1991-10-09,2018-10-07,1428,0,0
SHARON,RICE,577888865.0,2430.0,5,1971.0,5.0,19.0,,A001429,CPS,1971-05-19,2018-12-22,1429,0,1
DAVID,MYERS,819259105.0,2431.0,42,1966.0,8.0,5.0,,A001430,GPS,1966-08-05,2019-07-11,1430,0,0
DANIELLE,GONZALEZ,170832211.0,2432.0,50,1998.0,1.0,15.0,,A001431,CPS,1998-01-15,2020-03-27,1431,0,1
JOHN,ROBINSON,552289403.0,2433.0,54,1971.0,10.0,13.0,,A001432,CPS,1971-10-13,2018-04-02,1432,0,0
MEGAN,JOHNSON,933532272.0,2434.0,14,2004.0,9.0,17.0,,A001433,GPS,2004-09-17,2020-08-20,1433,0,1
MARY,RICHARDSON,157851042.0,2435.0,44,1982.0,10.0,22.0,,A001434,CPS,1982-10-22,2018-09-06,1434,0,0
MARY,SMITH,644776723.0,2436.0,36,2000.0,1.0,14.0,2.0,A001435,CPS,2000-01-14,2022-03-25,1435,1,0
WILLIAM,MOORE,144334177.0,2437.0,33,1980.0,1.0,19.0,,A001436,CPS,1980-01-19,2018-12-28,1436,0,1
LISA,TAYLOR,761904268.0,2438.0,51,1996.0,6.0,21.0,,A001437,CPS,1996-06-21,2022-08-03,1437,0,0
JOHN,WAGNER,760092887.0,2439.0,11,2001.0,2.0,13.0,,A001438,CPS,2001-02-13,2021-12-09,1438,0,1
HEATHER,BROWN,357111682.0,2440.0,58,1987.0,11.0,24.0,,A001439,CPS,1987-11-24,2019-07-06,1439,1,1
JAMES,JONES,628726751.0,2441.0,39,1963.0,5.0,17.0,,A001440,CPS,1963-05-17,2020-03-20,1440,0,0
ADAM,HILL,227360868.0,2442.0,46,1977.0,9.0,17.0,,A001441,CPS,1977-09-17,2018-06-18,1441,0,1
RONALD,MENDOZA,118232910.0,2443.0,29,1975.0,5.0,27.0,,A001442,GPS,1975-05-27,2018-07-02,1442,1,0
DANIEL,CLARK,128055616.0,2444.0,45,1983.0,9.0,18.0,,A001443,GPS,1983-09-18,2022-06-25,1443,0,1
PATRICIA,NGUYEN,930014499.0,2445.0,35,1968.0,1.0,13.0,,A001444,CPS,1968-01-13,2021-07-12,1444,1,1
MARIE,KING,219369803.0,2446.0,62,1975.0,9.0,21.0,2.0,A001445,GPS,1975-09-21,2018-05-21,1445,0,1
ELIZABETH,MENDOZA,377871356.0,2447.0,39,1999.0,1.0,28.0,,A001446,CPS,1999-01-28,2020-08-17,1446,1,0
MEGAN,PEREZ,876567702.0,2448.0,64,1962.0,1.0,14.0,,A001447,CPS,1962-01-14,2021-06-02,1447,1,0
ROBERT,SMITH,987958935.0,2449.0,59,1996.0,12.0,21.0,,A001448,CPS,1996-12-21,2021-11-27,1448,1,0
SHARON,BAKER,752034742.0,2450.0,31,1969.0,3.0,26.0,,A001449,CPS,1969-03-26,2021-12-14,1449,1,0
WILLIAM,WALKER,586428533.0,2451.0,31,1968.0,3.0,1.0,,A001450,CPS,1968-03-01,2018-04-05,1450,1,1
ROBERT,NGUYEN,399683529.0,2452.0,66,1960.0,8.0,26.0,,A001451,GPS,1960-08-26,2021-06-28,1451,1,0
DAVID,HERNANDEZ,913588412.0,2453.0,10,2001.0,2.0,6.0,,A001452,GPS,2001-02-06,2020-09-08,1452,0,1
STEVEN,BROWN,966286443.0,2454.0,64,1988.0,8.0,1.0,,A001453,GPS,1988-08-01,2018-10-14,1453,0,0
DAVID,HOLLAND,170067944.0,2455.0,22,1986.0,6.0,19.0,,A001454,GPS,1986-06-19,2022-03-21,1454,0,0
GARY,PEARSON,599989299.0,2456.0,14,1960.0,11.0,12.0,,A001455,GPS,1960-11-12,2020-10-14,1455,1,1
PATRICIA,MILLER,429298244.0,2457.0,15,1967.0,2.0,1.0,,A001456,GPS,1967-02-01,2018-05-10,1456,0,0
WILLIAM,GONZALEZ,467172083.0,2458.0,20,1964.0,7.0,22.0,,A001457,GPS,1964-07-22,2022-08-21,1457,0,0
MARY,DUNN,950445168.0,2459.0,46,1964.0,5.0,7.0,,A001458,CPS,1964-05-07,2022-10-10,1458,1,1
SHARON,WATKINS,124990097.0,2460.0,64,1995.0,3.0,9.0,,A001459,CPS,1995-03-09,2022-05-03,1459,1,0
ROBERT,CHAVEZ,492958741.0,2461.0,61,1960.0,10.0,14.0,,A001460,GPS,1960-10-14,2021-08-04,1460,0,1
VIRGINIA,JOHNSON,379776706.0,2462.0,9,1999.0,12.0,1.0,,A001461,CPS,1999-12-01,2022-03-27,1461,1,1
ANGELA,DAVIS,963228937.0,2463.0,52,1991.0,11.0,8.0,,A001462,GPS,1991-11-08,2021-04-02,1462,1,0
JACOB,TAYLOR,301309038.0,2464.0,56,1993.0,9.0,15.0,,A001463,GPS,1993-09-15,2021-02-16,1463,1,0
PAUL,ARMSTRONG,357062786.0,2465.0,66,1986.0,11.0,26.0,,A001464,CPS,1986-11-26,2022-08-16,1464,1,1
MARY,JOHNSON,465595562.0,2466.0,65,1996.0,5.0,18.0,,A001465,CPS,1996-05-18,2021-05-15,1465,1,1
DONALD,PARKER,263486618.0,2467.0,27,1970.0,12.0,12.0,,A001466,CPS,1970-12-12,2021-07-08,1466,0,0
MARY,SMITH,420336088.0,2468.0,2,1974.0,12.0,17.0,,A001467,GPS,1974-12-17,2019-12-20,1467,1,1
WAYNE,FRAZIER,617007687.0,2469.0,65,2000.0,6.0,21.0,,A001468,GPS,2000-06-21,2018-08-19,1468,0,1
DOROTHY,LOPEZ,713170028.0,2470.0,28,1977.0,8.0,27.0,,A001469,CPS,1977-08-27,2018-02-06,1469,0,1
CHRISTOPHER,HART,457821049.0,2471.0,2,1973.0,2.0,20.0,,A001470,GPS,1973-02-20,2020-01-15,1470,0,0
BOBBY,LOPEZ,708635796.0,2472.0,31,1966.0,9.0,25.0,,A001471,GPS,1966-09-25,2019-12-10,1471,1,0
JACK,MARSHALL,344801182.0,2473.0,46,1966.0,12.0,7.0,,A001472,GPS,1966-12-07,2019-06-21,1472,0,1
JAMES,BROOKS,327742857.0,2474.0,54,1982.0,1.0,2.0,,A001473,GPS,1982-01-02,2019-01-09,1473,0,0
JENNIFER,PETERSON,101341510.0,2475.0,13,1972.0,2.0,16.0,,A001474,CPS,1972-02-16,2021-02-20,1474,0,0
SARAH,GONZALES,815658048.0,2476.0,11,1979.0,11.0,20.0,,A001475,GPS,1979-11-20,2018-06-22,1475,0,1
MARY,JOHNSON,347216455.0,2477.0,65,2001.0,10.0,13.0,,A001476,CPS,2001-10-13,2022-07-13,1476,1,0
KAREN,WILLIAMS,986572703.0,2478.0,29,2004.0,8.0,9.0,,A001477,GPS,2004-08-09,2019-12-02,1477,1,1
KATHERINE,DAVIS,468874333.0,2479.0,3,1960.0,7.0,13.0,,A001478,CPS,1960-07-13,2021-10-05,1478,0,1
THOMAS,SMITH,747997669.0,2480.0,57,1985.0,11.0,20.0,,A001479,CPS,1985-11-20,2021-06-11,1479,1,0
BARBARA,WASHINGTON,512084197.0,2481.0,46,2002.0,3.0,16.0,,A001480,GPS,2002-03-16,2021-10-16,1480,0,1
ROBERT,WILLIAMS,173053035.0,2482.0,45,1960.0,6.0,2.0,,A001481,CPS,1960-06-02,2018-03-28,1481,1,0
JAMES,KELLEY,768952496.0,2483.0,17,2002.0,2.0,14.0,,A001482,CPS,2002-02-14,2019-06-01,1482,1,1
BARBARA,GONZALEZ,615782448.0,2484.0,16,2001.0,4.0,14.0,1.0,A001483,GPS,2001-04-14,2020-06-05,1483,0,1
JENNIFER,LEE,457433041.0,2485.0,34,1996.0,6.0,26.0,,A001484,GPS,1996-06-26,2018-03-20,1484,1,0
RAYMOND,JOHNSON,151540766.0,2486.0,11,2003.0,9.0,12.0,,A001485,GPS,2003-09-12,2020-12-18,1485,1,1
ALBERT,TAYLOR,294167595.0,2487.0,44,1976.0,12.0,18.0,,A001486,GPS,1976-12-18,2022-07-05,1486,1,1
DORIS,SMITH,443603524.0,2488.0,9,1967.0,10.0,9.0,,A001487,CPS,1967-10-09,2019-06-20,1487,0,0
RYAN,MOORE,921076705.0,2489.0,31,1961.0,7.0,28.0,2.0,A001488,GPS,1961-07-28,2020-05-09,1488,1,0
SUSAN,ALLEN,102393164.0,2490.0,19,1989.0,5.0,8.0,,A001489,CPS,1989-05-08,2021-12-16,1489,1,0
MATTHEW,CARTER,462335255.0,2491.0,22,2001.0,2.0,23.0,,A001490,CPS,2001-02-23,2022-12-07,1490,1,1
ANGELA,JOHNSON,779629939.0,2492.0,17,1981.0,3.0,23.0,,A001491,CPS,1981-03-23,2018-03-28,1491,1,1
PATRICIA,CHAVEZ,562781160.0,2493.0,67,1993.0,3.0,19.0,,A001492,GPS,1993-03-19,2018-02-02,1492,1,1
NICHOLAS,DIXON,734945194.0,2494.0,20,2004.0,2.0,13.0,,A001493,GPS,2004-02-13,2021-02-10,1493,0,1
MATTHEW,SMITH,906184999.0,2495.0,8,1993.0,8.0,5.0,,A001494,CPS,1993-08-05,2018-11-07,1494,1,0
MEGAN,MENDEZ,667831685.0,2496.0,57,1978.0,3.0,4.0,3.0,A001495,GPS,1978-03-04,2020-12-14,1495,0,1
RICHARD,LEE,620709242.0,2497.0,11,2004.0,9.0,2.0,,A001496,GPS,2004-09-02,2019-03-15,1496,1,0
HENRY,PARKER,997171029.0,2498.0,8,1979.0,3.0,12.0,,A001497,CPS,1979-03-12,2021-04-14,1497,1,0
JAMES,REYES,334560533.0,2499.0,21,1981.0,2.0,1.0,,A001498,CPS,1981-02-01,2021-03-18,1498,0,0
PATRICIA,RHODES,750090795.0,2500.0,25,1960.0,5.0,21.0,,A001499,GPS,1960-05-21,2020-01-09,1499,1,1
DIANE,CARTER,327005491.0,2501.0,29,2003.0,6.0,5.0,,A001500,GPS,2003-06-05,2019-05-05,1500,1,0
STEPHEN,SMITH,294075309.0,2502.0,2,1976.0,7.0,15.0,,A001501,GPS,1976-07-15,2018-06-18,1501,1,0
WILLIAM,ROSS,503150825.0,2503.0,48,1984.0,4.0,13.0,,A001502,CPS,1984-04-13,2022-01-26,1502,0,0
JUDY,MARTINEZ,148396350.0,2504.0,4,1974.0,8.0,15.0,,A001503,CPS,1974-08-15,2018-03-13,1503,0,1
EMILY,BLACK,848732936.0,2505.0,1,1994.0,12.0,24.0,,A001504,CPS,1994-12-24,2020-12-13,1504,0,0
VICTORIA,KENNEDY,228137118.0,2506.0,51,2004.0,12.0,14.0,,A001505,CPS,2004-12-14,2022-08-03,1505,0,0
JASON,WILLIAMS,478025015.0,2507.0,2,1971.0,9.0,10.0,,A001506,GPS,1971-09-10,2018-11-22,1506,1,0
WAYNE,GARDNER,322611819.0,2508.0,24,1977.0,2.0,10.0,2.0,A001507,GPS,1977-02-10,2020-07-09,1507,0,0
JAMES,PEREZ,748378237.0,2509.0,53,1999.0,12.0,5.0,,A001508,GPS,1999-12-05,2019-04-08,1508,0,0
ROGER,BROWN,858936807.0,2510.0,12,1986.0,5.0,5.0,,A001509,GPS,1986-05-05,2021-06-10,1509,1,1
BARBARA,BAILEY,495637367.0,2511.0,42,1972.0,2.0,13.0,,A001510,CPS,1972-02-13,2019-08-15,1510,1,0
AMBER,JOHNSON,183465655.0,2512.0,34,2001.0,1.0,28.0,,A001511,GPS,2001-01-28,2018-07-26,1511,1,1
ALEXANDER,LOPEZ,718850529.0,2513.0,6,1981.0,2.0,16.0,,A001512,CPS,1981-02-16,2018-03-02,1512,1,0
JAMES,ORTIZ,369062998.0,2514.0,65,1985.0,10.0,6.0,,A001513,CPS,1985-10-06,2022-12-26,1513,1,0
WILLIAM,LOPEZ,684936689.0,2515.0,32,1976.0,11.0,17.0,,A001514,GPS,1976-11-17,2019-08-27,1514,1,0
ANNA,WELLS,372849363.0,2516.0,30,1972.0,12.0,1.0,,A001515,CPS,1972-12-01,2021-06-01,1515,0,0
JOSEPH,JOHNSON,871769965.0,2517.0,9,2002.0,9.0,26.0,,A001516,GPS,2002-09-26,2018-11-14,1516,0,0
AUSTIN,JOHNSON,399045494.0,2518.0,63,1979.0,5.0,20.0,,A001517,GPS,1979-05-20,2019-03-16,1517,1,0
JOAN,JENKINS,738420983.0,2519.0,30,1981.0,4.0,18.0,,A001518,CPS,1981-04-18,2021-04-15,1518,1,0
RANDY,THOMAS,634211155.0,2520.0,63,1995.0,5.0,9.0,,A001519,CPS,1995-05-09,2019-07-21,1519,0,1
MARY,MEDINA,164490171.0,2521.0,17,1983.0,11.0,16.0,,A001520,CPS,1983-11-16,2018-01-25,1520,1,0
BRIAN,ANDERSON,449382779.0,2522.0,6,1995.0,4.0,4.0,,A001521,GPS,1995-04-04,2018-03-21,1521,1,0
JONATHAN,WILSON,306729265.0,2523.0,33,1973.0,6.0,5.0,,A001522,GPS,1973-06-05,2020-03-22,1522,0,1
CHRISTOPHER,JOHNSON,952429425.0,2524.0,41,1985.0,4.0,23.0,,A001523,CPS,1985-04-23,2018-01-01,1523,1,0
MARY,OLSON,106853061.0,2525.0,64,1991.0,5.0,20.0,,A001524,GPS,1991-05-20,2019-04-18,1524,1,0
JAMES,RILEY,311303073.0,2526.0,46,1993.0,7.0,28.0,,A001525,CPS,1993-07-28,2019-04-14,1525,1,0
JAMES,HARRIS,829592988.0,2527.0,56,1969.0,12.0,1.0,,A001526,GPS,1969-12-01,2021-06-14,1526,1,1
JENNIFER,WALKER,984072096.0,2528.0,36,1980.0,12.0,28.0,1.0,A001527,GPS,1980-12-28,2018-08-19,1527,0,1
JESSICA,SMITH,409212523.0,2529.0,45,1967.0,12.0,12.0,,A001528,CPS,1967-12-12,2018-05-26,1528,1,1
ANTHONY,CAMPBELL,428031485.0,2530.0,26,1970.0,3.0,3.0,,A001529,CPS,1970-03-03,2018-05-07,1529,0,0
TYLER,GARCIA,561920805.0,2531.0,50,1979.0,1.0,12.0,,A001530,GPS,1979-01-12,2021-09-18,1530,0,0
ASHLEY,MARSHALL,202653478.0,2532.0,2,2003.0,5.0,12.0,,A001531,CPS,2003-05-12,2019-04-18,1531,0,0
GEORGE,BROWN,420870542.0,2533.0,44,1987.0,6.0,20.0,,A001532,GPS,1987-06-20,2021-07-05,1532,1,1
CHRISTOPHER,HOLMES,438845825.0,2534.0,27,1973.0,2.0,26.0,,A001533,GPS,1973-02-26,2021-07-09,1533,1,0
KAREN,MORALES,964059772.0,2535.0,19,1975.0,11.0,12.0,,A001534,CPS,1975-11-12,2021-11-24,1534,0,1
JENNIFER,SMITH,634437033.0,2536.0,13,1977.0,5.0,17.0,,A001535,GPS,1977-05-17,2018-08-07,1535,1,0
DEBRA,JONES,810350507.0,2537.0,34,2000.0,5.0,5.0,,A001536,GPS,2000-05-05,2021-12-16,1536,1,0
DAVID,CHAVEZ,131240180.0,2538.0,33,2000.0,4.0,4.0,,A001537,CPS,2000-04-04,2021-07-22,1537,0,0
JACQUELINE,JOHNSON,816729650.0,2539.0,27,1969.0,4.0,27.0,,A001538,GPS,1969-04-27,2020-07-24,1538,1,1
JOHN,HALL,462310038.0,2540.0,14,1988.0,2.0,17.0,,A001539,CPS,1988-02-17,2020-07-16,1539,0,0
BRENDA,KING,556333896.0,2541.0,60,1988.0,10.0,20.0,,A001540,CPS,1988-10-20,2019-08-15,1540,0,0
RACHEL,TAYLOR,290820826.0,2542.0,4,1964.0,6.0,14.0,,A001541,GPS,1964-06-14,2018-08-05,1541,0,0
BARBARA,JOHNSON,119813148.0,2543.0,21,1995.0,12.0,3.0,,A001542,CPS,1995-12-03,2020-09-26,1542,1,0
SUSAN,WEBB,504113043.0,2544.0,45,1964.0,10.0,14.0,,A001543,CPS,1964-10-14,2018-03-18,1543,0,0
MARY,MAXWELL,251865118.0,2545.0,39,1986.0,9.0,8.0,,A001544,GPS,1986-09-08,2021-02-18,1544,1,0
MICHAEL,LEWIS,157612107.0,2546.0,27,1962.0,9.0,2.0,,A001545,GPS,1962-09-02,2018-03-01,1545,1,0
PATRICIA,TUCKER,900930809.0,2547.0,29,1989.0,1.0,3.0,3.0,A001546,GPS,1989-01-03,2020-11-11,1546,0,1
JAMES,JACKSON,940432278.0,2548.0,29,1964.0,12.0,10.0,,A001547,CPS,1964-12-10,2020-03-07,1547,1,0
RACHEL,ALLEN,860837920.0,2549.0,55,1986.0,8.0,23.0,,A001548,GPS,1986-08-23,2020-12-03,1548,0,0
JAMES,PEREZ,543497351.0,2550.0,65,1981.0,3.0,24.0,,A001549,GPS,1981-03-24,2020-09-20,1549,1,1
HELEN,DIAZ,403840023.0,2551.0,26,1966.0,5.0,14.0,,A001550,CPS,1966-05-14,2019-11-06,1550,0,0
EMMA,BROWN,118878315.0,2552.0,66,1990.0,1.0,26.0,3.0,A001551,CPS,1990-01-26,2020-08-06,1551,0,0
CHARLES,JENKINS,269061321.0,2553.0,38,1986.0,10.0,21.0,,A001552,GPS,1986-10-21,2020-12-05,1552,1,0
DENNIS,KENNEDY,256442305.0,2554.0,26,1974.0,7.0,27.0,,A001553,GPS,1974-07-27,2018-05-14,1553,0,1
JAMES,SMITH,585840777.0,2555.0,7,1991.0,7.0,24.0,,A001554,CPS,1991-07-24,2022-09-16,1554,1,1
DONALD,PEREZ,891493133.0,2556.0,28,2002.0,10.0,25.0,,A001555,CPS,2002-10-25,2021-04-19,1555,1,1
DONNA,WHITE,695163083.0,2557.0,28,1989.0,12.0,18.0,,A001556,CPS,1989-12-18,2019-03-01,1556,0,1
MICHAEL,WILLIAMS,773917422.0,2558.0,20,1962.0,1.0,19.0,,A001557,GPS,1962-01-19,2020-08-08,1557,1,1
DEBORAH,RUIZ,464622657.0,2559.0,10,1995.0,4.0,19.0,,A001558,GPS,1995-04-19,2022-06-17,1558,1,0
MATTHEW,SANDERS,963455243.0,2560.0,19,2000.0,6.0,13.0,,A001559,GPS,2000-06-13,2018-05-22,1559,1,1
WILLIAM,DIAZ,850453289.0,2561.0,30,1992.0,4.0,28.0,,A001560,CPS,1992-04-28,2019-03-09,1560,0,1
DANIEL,HERNANDEZ,427768381.0,2562.0,24,1989.0,10.0,19.0,,A001561,CPS,1989-10-19,2021-07-04,1561,1,0
MATTHEW,ELLIS,209134865.0,2563.0,58,1972.0,11.0,17.0,,A001562,GPS,1972-11-17,2021-07-25,1562,1,1
MICHAEL,COLEMAN,889401683.0,2564.0,42,1987.0,5.0,8.0,,A001563,CPS,1987-05-08,2018-03-08,1563,0,1
JOHN,HUNTER,349538086.0,2565.0,63,1996.0,11.0,20.0,,A001564,CPS,1996-11-20,2020-12-06,1564,1,1
RAYMOND,GOMEZ,225425369.0,2566.0,66,2000.0,2.0,21.0,,A001565,GPS,2000-02-21,2021-04-24,1565,1,0
GEORGE,MASON,166922348.0,2567.0,46,1977.0,1.0,12.0,,A001566,GPS,1977-01-12,2018-03-23,1566,1,0
PATRICIA,ADAMS,309123070.0,2568.0,59,2001.0,12.0,28.0,,A001567,GPS,2001-12-28,2022-05-15,1567,1,1
ANGELA,OWENS,827574199.0,2569.0,5,1960.0,7.0,26.0,,A001568,CPS,1960-07-26,2019-06-19,1568,0,1
WILLIE,SMITH,976118117.0,2570.0,45,2004.0,11.0,27.0,,A001569,CPS,2004-11-27,2018-05-15,1569,0,1
SHARON,JOHNSON,448094129.0,2571.0,28,1967.0,4.0,22.0,,A001570,CPS,1967-04-22,2021-09-28,1570,1,1
DIANE,RAMOS,932988523.0,2572.0,27,1973.0,10.0,10.0,2.0,A001571,GPS,1973-10-10,2018-10-13,1571,0,0
LAURA,MOORE,534457177.0,2573.0,24,1995.0,2.0,14.0,,A001572,CPS,1995-02-14,2021-10-18,1572,0,0
AMY,JOHNSON,931406241.0,2574.0,30,1991.0,11.0,16.0,,A001573,GPS,1991-11-16,2018-12-07,1573,0,0
CHRISTINE,FLORES,104101250.0,2575.0,34,2001.0,1.0,13.0,,A001574,GPS,2001-01-13,2021-10-21,1574,0,0
PATRICIA,BUTLER,512602023.0,2576.0,14,1961.0,5.0,10.0,,A001575,GPS,1961-05-10,2021-03-19,1575,1,0
JAMES,BROWN,441197632.0,2577.0,34,1985.0,7.0,5.0,,A001576,GPS,1985-07-05,2018-02-23,1576,0,0
JAMES,YOUNG,854809892.0,2578.0,6,1990.0,5.0,3.0,,A001577,CPS,1990-05-03,2019-05-06,1577,1,0
DEBRA,WAGNER,497592938.0,2579.0,59,1960.0,5.0,6.0,,A001578,GPS,1960-05-06,2022-03-12,1578,0,0
ANTHONY,JOHNSON,682280486.0,2580.0,58,1998.0,11.0,18.0,,A001579,CPS,1998-11-18,2019-03-09,1579,1,1
ELIZABETH,PAYNE,320249284.0,2581.0,6,1990.0,11.0,11.0,,A001580,CPS,1990-11-11,2022-01-04,1580,1,0
DAVID,WOOD,928985502.0,2582.0,11,1965.0,11.0,15.0,,A001581,CPS,1965-11-15,2021-02-25,1581,1,0
ROBERT,HERNANDEZ,125469151.0,2583.0,51,1970.0,3.0,23.0,,A001582,CPS,1970-03-23,2020-03-27,1582,1,1
MARY,BURNS,186038801.0,2584.0,52,1982.0,11.0,9.0,,A001583,CPS,1982-11-09,2020-06-13,1583,1,1
KENNETH,SIMPSON,576994301.0,2585.0,5,1977.0,11.0,6.0,,A001584,CPS,1977-11-06,2020-12-25,1584,0,1
VIRGINIA,YOUNG,316751675.0,2586.0,63,2002.0,5.0,4.0,,A001585,GPS,2002-05-04,2019-10-04,1585,0,1
BRIAN,MITCHELL,108311312.0,2587.0,3,1969.0,1.0,12.0,,A001586,CPS,1969-01-12,2019-03-15,1586,1,0
MARY,HOWARD,307546306.0,2588.0,41,1965.0,12.0,1.0,,A001587,GPS,1965-12-01,2018-08-04,1587,0,0
DAVID,GARRETT,281432480.0,2589.0,35,1997.0,3.0,14.0,,A001588,GPS,1997-03-14,2022-08-08,1588,0,0
MARY,LOPEZ,738760951.0,2590.0,60,1970.0,11.0,26.0,,A001589,CPS,1970-11-26,2018-11-04,1589,1,1
JAMES,ROGERS,553358159.0,2591.0,39,2004.0,3.0,27.0,,A001590,CPS,2004-03-27,2021-11-27,1590,0,0
ROBERT,FOWLER,888766146.0,2592.0,34,1968.0,10.0,6.0,,A001591,CPS,1968-10-06,2018-02-04,1591,1,1
MICHAEL,OLSON,833470772.0,2593.0,45,1978.0,3.0,28.0,,A001592,CPS,1978-03-28,2019-01-26,1592,0,1
MARY,BROOKS,498380659.0,2594.0,63,1990.0,1.0,14.0,,A001593,CPS,1990-01-14,2019-02-19,1593,0,0
DAVID,BERRY,569582564.0,2595.0,25,1973.0,1.0,2.0,,A001594,GPS,1973-01-02,2020-03-15,1594,0,1
PETER,HART,265654947.0,2596.0,14,1970.0,4.0,23.0,1.0,A001595,CPS,1970-04-23,2021-03-01,1595,1,1
DAVID,PERRY,912384680.0,2597.0,35,2003.0,1.0,13.0,,A001596,CPS,2003-01-13,2019-09-21,1596,0,0
JAMES,JACKSON,563810406.0,2598.0,58,2000.0,12.0,9.0,,A001597,GPS,2000-12-09,2019-10-11,1597,0,0
MICHAEL,MYERS,448708516.0,2599.0,38,1961.0,4.0,17.0,,A001598,CPS,1961-04-17,2021-10-20,1598,1,1
ROBERT,HERNANDEZ,677415427.0,2600.0,13,1960.0,1.0,21.0,,A001599,CPS,1960-01-21,2020-01-19,1599,1,1
CATHERINE,REED,880418082.0,2601.0,37,1989.0,4.0,1.0,,A001600,GPS,1989-04-01,2019-08-08,1600,1,1
STEVEN,HENDERSON,300603990.0,2602.0,48,1997.0,10.0,1.0,,A001601,CPS,1997-10-01,2020-07-23,1601,1,0
JAMES,COLLINS,303457477.0,2603.0,65,1969.0,3.0,7.0,,A001602,CPS,1969-03-07,2019-06-14,1602,0,1
DIANA,WISE,872823684.0,2604.0,62,1991.0,3.0,2.0,,A001603,CPS,1991-03-02,2022-05-12,1603,1,0
BETTY,DUNN,547064495.0,2605.0,27,1981.0,1.0,25.0,,A001604,GPS,1981-01-25,2021-01-28,1604,0,0
ROBERT,JOHNSON,716675038.0,2606.0,37,2003.0,8.0,7.0,,A001605,GPS,2003-08-07,2022-05-07,1605,0,1
MARGARET,MILLER,663436406.0,2607.0,9,1994.0,3.0,19.0,,A001606,GPS,1994-03-19,2021-11-10,1606,1,0
STEPHANIE,ROBERTSON,344317301.0,2608.0,14,1979.0,2.0,14.0,,A001607,GPS,1979-02-14,2018-05-27,1607,1,0
JAMES,ROBERTSON,218425222.0,2609.0,60,1990.0,11.0,25.0,,A001608,GPS,1990-11-25,2022-09-16,1608,1,1
ZACHARY,CHAVEZ,788410536.0,2610.0,42,1999.0,8.0,2.0,,A001609,CPS,1999-08-02,2018-09-16,1609,0,1
CHERYL,EVANS,256968371.0,2611.0,44,1993.0,12.0,8.0,,A001610,GPS,1993-12-08,2020-12-19,1610,0,1
PHILIP,WILLIAMS,453557092.0,2612.0,10,2004.0,6.0,10.0,,A001611,GPS,2004-06-10,2019-12-17,1611,1,1
KEITH,EVANS,333885554.0,2613.0,16,1985.0,6.0,20.0,,A001612,CPS,1985-06-20,2021-07-12,1612,0,1
NANCY,JOHNSON,254071766.0,2614.0,45,1998.0,10.0,13.0,,A001613,CPS,1998-10-13,2019-06-17,1613,0,1
DOUGLAS,SMITH,437267406.0,2615.0,9,1986.0,4.0,2.0,,A001614,CPS,1986-04-02,2022-09-12,1614,1,0
NANCY,RODRIGUEZ,462263972.0,2616.0,13,1975.0,8.0,14.0,,A001615,GPS,1975-08-14,2019-09-14,1615,1,1
CHRISTINA,HERNANDEZ,100648091.0,2617.0,11,1964.0,12.0,27.0,2.0,A001616,CPS,1964-12-27,2018-11-26,1616,0,1
DONNA,JONES,214668564.0,2618.0,29,1981.0,3.0,23.0,,A001617,GPS,1981-03-23,2021-07-26,1617,1,1
BETTY,GARDNER,177100486.0,2619.0,38,1974.0,2.0,19.0,,A001618,CPS,1974-02-19,2021-01-27,1618,1,0
ROBERT,MORRIS,744002909.0,2620.0,9,1975.0,5.0,20.0,,A001619,CPS,1975-05-20,2018-12-20,1619,0,0
JAMES,SANCHEZ,692019449.0,2621.0,32,1985.0,3.0,2.0,,A001620,CPS,1985-03-02,2021-11-05,1620,0,1
JOHN,DELGADO,757332592.0,2622.0,1,2002.0,6.0,8.0,,A001621,GPS,2002-06-08,2020-08-23,1621,0,1
WILLIAM,MAXWELL,427584131.0,2623.0,40,1997.0,4.0,12.0,,A001622,CPS,1997-04-12,2018-08-25,1622,1,1
THOMAS,WILLIAMS,950994851.0,2624.0,60,1974.0,12.0,15.0,,A001623,GPS,1974-12-15,2020-12-22,1623,0,1
GRACE,ROSS,127307854.0,2625.0,64,1978.0,11.0,14.0,3.0,A001624,CPS,1978-11-14,2021-04-17,1624,0,0
DANIELLE,LOPEZ,948105116.0,2626.0,18,1983.0,12.0,22.0,,A001625,GPS,1983-12-22,2018-10-09,1625,1,1
AUSTIN,HUNT,776762152.0,2627.0,54,1980.0,4.0,12.0,,A001626,GPS,1980-04-12,2019-02-06,1626,1,0
MARGARET,THOMAS,950877087.0,2628.0,28,1963.0,7.0,2.0,,A001627,GPS,1963-07-02,2021-03-03,1627,0,0
ANN,HALL,334336604.0,2629.0,5,1983.0,8.0,7.0,,A001628,CPS,1983-08-07,2018-11-07,1628,0,1
JESSE,WOODS,966417254.0,2630.0,28,2002.0,7.0,9.0,,A001629,GPS,2002-07-09,2020-03-28,1629,0,1
ROBERT,COOPER,887193549.0,2631.0,48,1986.0,1.0,1.0,,A001630,CPS,1986-01-01,2021-09-27,1630,1,0
HENRY,GONZALES,798881004.0,2632.0,64,1992.0,6.0,9.0,,A001631,GPS,1992-06-09,2022-06-01,1631,0,1
MICHAEL,WELLS,666427790.0,2633.0,31,1963.0,1.0,19.0,,A001632,GPS,1963-01-19,2018-07-12,1632,1,0
EMMA,JOHNSON,126459750.0,2634.0,62,1998.0,9.0,6.0,,A001633,CPS,1998-09-06,2021-08-05,1633,1,0
JAMES,MYERS,606407328.0,2635.0,53,1997.0,4.0,12.0,,A001634,GPS,1997-04-12,2019-05-11,1634,0,1
PAUL,MITCHELL,935385416.0,2636.0,17,2000.0,9.0,20.0,,A001635,CPS,2000-09-20,2022-05-06,1635,1,0
MARK,DANIELS,666012852.0,2637.0,21,1998.0,2.0,5.0,,A001636,GPS,1998-02-05,2020-02-03,1636,0,1
KENNETH,SMITH,294491360.0,2638.0,55,1966.0,12.0,19.0,,A001637,GPS,1966-12-19,2018-05-20,1637,1,0
RICHARD,MILLER,839140330.0,2639.0,8,1985.0,12.0,18.0,,A001638,CPS,1985-12-18,2018-06-01,1638,1,1
DIANA,GUZMAN,919479793.0,2640.0,31,1991.0,9.0,15.0,,A001639,CPS,1991-09-15,2022-06-04,1639,0,1
RUTH,SMITH,866301117.0,2641.0,46,1994.0,1.0,8.0,,A001640,GPS,1994-01-08,2022-05-14,1640,1,1
JOHNNY,PEARSON,730511424.0,2642.0,59,1972.0,1.0,25.0,,A001641,CPS,1972-01-25,2021-09-28,1641,1,0
CHARLOTTE,HERNANDEZ,540506200.0,2643.0,22,1987.0,12.0,3.0,,A001642,CPS,1987-12-03,2018-03-11,1642,0,1
JOSHUA,WALKER,748481361.0,2644.0,22,1998.0,7.0,6.0,,A001643,GPS,1998-07-06,2018-03-01,1643,0,1
MARY,DELGADO,141125319.0,2645.0,1,1981.0,1.0,21.0,,A001644,GPS,1981-01-21,2021-01-28,1644,1,0
JONATHAN,GONZALEZ,707521856.0,2646.0,22,1996.0,7.0,23.0,,A001645,CPS,1996-07-23,2021-10-13,1645,1,0
SARAH,PALMER,543078306.0,2647.0,4,1989.0,8.0,4.0,,A001646,GPS,1989-08-04,2018-07-20,1646,0,1
MICHAEL,HARRIS,962186546.0,2648.0,54,1977.0,3.0,13.0,,A001647,CPS,1977-03-13,2019-04-24,1647,1,0
MARY,JONES,510051993.0,2649.0,18,1961.0,5.0,23.0,,A001648,GPS,1961-05-23,2022-02-28,1648,1,1
JOHN,PATEL,262294004.0,2650.0,65,1970.0,9.0,25.0,1.0,A001649,GPS,1970-09-25,2021-08-14,1649,0,0
KIMBERLY,FLORES,952297950.0,2651.0,61,1988.0,9.0,9.0,,A001650,CPS,1988-09-09,2022-11-26,1650,1,1
OSCAR,MOORE,185953872.0,2652.0,48,1965.0,1.0,13.0,,A001651,CPS,1965-01-13,2021-11-24,1651,0,0
BETTY,SANCHEZ,621027327.0,2653.0,28,1971.0,10.0,4.0,,A001652,GPS,1971-10-04,2018-02-14,1652,1,1
JANET,FOWLER,633251233.0,2654.0,46,2001.0,2.0,20.0,,A001653,GPS,2001-02-20,2020-08-01,1653,0,0
STEPHEN,GARCIA,170800661.0,2655.0,36,1965.0,6.0,14.0,,A001654,CPS,1965-06-14,2022-10-24,1654,0,1
RYAN,GRANT,148350097.0,2656.0,32,1974.0,9.0,26.0,1.0,A001655,GPS,1974-09-26,2021-04-23,1655,1,0
PATRICIA,BENNETT,798555295.0,2657.0,5,1973.0,7.0,27.0,,A001656,CPS,1973-07-27,2019-09-09,1656,1,1
SHARON,WILLIAMS,772970480.0,2658.0,57,1986.0,10.0,21.0,,A001657,CPS,1986-10-21,2020-04-26,1657,1,1
ROBERT,MARTINEZ,655517589.0,2659.0,26,1988.0,9.0,6.0,,A001658,GPS,1988-09-06,2021-03-14,1658,0,0
ASHLEY,PALMER,407179577.0,2660.0,54,1998.0,6.0,4.0,,A001659,GPS,1998-06-04,2019-12-23,1659,0,1
KENNETH,LEE,532906646.0,2661.0,58,1979.0,1.0,18.0,,A001660,GPS,1979-01-18,2020-04-17,1660,1,0
JOHN,GARCIA,958097036.0,2662.0,63,1996.0,4.0,19.0,,A001661,CPS,1996-04-19,2021-11-08,1661,0,1
PATRICIA,GEORGE,676345040.0,2663.0,28,1990.0,8.0,8.0,,A001662,GPS,1990-08-08,2019-08-26,1662,1,1
JANET,WOODS,566377537.0,2664.0,44,1974.0,8.0,18.0,,A001663,CPS,1974-08-18,2021-05-22,1663,0,1
SHARON,MORALES,801821350.0,2665.0,58,1979.0,12.0,11.0,,A001664,CPS,1979-12-11,2019-03-05,1664,1,0
ROBERT,COX,333502886.0,2666.0,54,1988.0,4.0,18.0,,A001665,GPS,1988-04-18,2022-04-23,1665,1,0
ELIZABETH,GONZALEZ,206670014.0,2667.0,45,1994.0,6.0,7.0,2.0,A001666,CPS,1994-06-07,2022-03-07,1666,0,0
NATHAN,NGUYEN,711850890.0,2668.0,48,1990.0,10.0,10.0,,A001667,CPS,1990-10-10,2021-09-05,1667,0,0
ROBERT,CARTER,108733865.0,2669.0,54,1965.0,1.0,24.0,,A001668,CPS,1965-01-24,2020-08-01,1668,0,0
JOSEPH,NORRIS,875848106.0,2670.0,43,1994.0,12.0,18.0,,A001669,GPS,1994-12-18,2019-08-01,1669,1,0
JAMES,SMITH,162108984.0,2671.0,11,1985.0,11.0,23.0,,A001670,CPS,1985-11-23,2022-05-09,1670,0,1
GABRIEL,GEORGE,862577774.0,2672.0,50,2001.0,2.0,14.0,,A001671,GPS,2001-02-14,2022-11-03,1671,0,1
SAMANTHA,ALVARADO,706864867.0,2673.0,38,1988.0,10.0,5.0,,A001672,CPS,1988-10-05,2020-10-12,1672,0,1
JOSEPH,SMITH,528454634.0,2674.0,19,1984.0,1.0,14.0,,A001673,CPS,1984-01-14,2022-05-20,1673,0,0
KENNETH,BLAKE,417981136.0,2675.0,19,1999.0,2.0,19.0,,A001674,CPS,1999-02-19,2021-01-26,1674,1,1
MICHELLE,KING,468215796.0,2676.0,28,1978.0,10.0,17.0,,A001675,CPS,1978-10-17,2018-09-06,1675,1,1
BETTY,NORRIS,724073522.0,2677.0,49,1961.0,11.0,24.0,,A001676,GPS,1961-11-24,2020-04-02,1676,0,1
SAMANTHA,CHAVEZ,435352722.0,2678.0,42,1984.0,12.0,25.0,,A001677,GPS,1984-12-25,2019-12-22,1677,0,0
DAVID,HOLLAND,153075672.0,2679.0,51,1983.0,8.0,21.0,,A001678,CPS,1983-08-21,2018-08-18,1678,0,0
MARK,RAMIREZ,737053072.0,2680.0,38,1965.0,2.0,10.0,,A001679,GPS,1965-02-10,2022-03-19,1679,0,1
PATRICIA,JONES,585133511.0,2681.0,11,1999.0,5.0,28.0,,A001680,CPS,1999-05-28,2018-11-14,1680,0,1
DOUGLAS,JACKSON,899959314.0,2682.0,67,1994.0,6.0,7.0,,A001681,CPS,1994-06-07,2020-03-23,1681,0,1
JAMES,BROWN,743563592.0,2683.0,23,1984.0,7.0,1.0,2.0,A001682,GPS,1984-07-01,2022-12-25,1682,0,0
PAUL,HARRIS,721363284.0,2684.0,32,1972.0,6.0,25.0,,A001683,GPS,1972-06-25,2021-08-06,1683,1,0
ASHLEY,TAYLOR,603717774.0,2685.0,4,1967.0,5.0,21.0,,A001684,CPS,1967-05-21,2021-11-02,1684,1,1
JAMES,DAVIS,293798237.0,2686.0,1,1983.0,7.0,4.0,,A001685,CPS,1983-07-04,2019-06-28,1685,0,0
MICHAEL,JOHNSON,934330363.0,2687.0,41,1964.0,7.0,17.0,,A001686,GPS,1964-07-17,2022-09-06,1686,1,1
MARY,BROWN,369667967.0,2688.0,41,1983.0,8.0,6.0,,A001687,GPS,1983-08-06,2022-03-16,1687,1,1
JEAN,JONES,150697747.0,2689.0,49,1969.0,2.0,27.0,,A001688,GPS,1969-02-27,2018-07-13,1688,0,1
MARY,PHILLIPS,352009512.0,2690.0,29,1988.0,12.0,16.0,,A001689,GPS,1988-12-16,2021-09-07,1689,1,0
CAROL,GONZALEZ,893088499.0,2691.0,41,2000.0,7.0,5.0,,A001690,GPS,2000-07-05,2021-11-23,1690,1,0
JAMES,THOMPSON,753055651.0,2692.0,16,1986.0,12.0,28.0,,A001691,CPS,1986-12-28,2018-07-02,1691,0,0
ASHLEY,HAWKINS,394909202.0,2693.0,59,1983.0,3.0,28.0,,A001692,GPS,1983-03-28,2020-01-15,1692,0,0
ROBERT,JENKINS,144949815.0,2694.0,21,1976.0,1.0,19.0,2.0,A001693,CPS,1976-01-19,2021-02-14,1693,0,0
ANDREW,TAYLOR,166448926.0,2695.0,67,1963.0,7.0,9.0,,A001694,GPS,1963-07-09,2021-12-21,1694,0,1
THOMAS,FISHER,650948219.0,2696.0,8,2000.0,7.0,1.0,,A001695,GPS,2000-07-01,2022-09-26,1695,0,0
WILLIAM,FOWLER,667434796.0,2697.0,56,1960.0,6.0,19.0,,A001696,CPS,1960-06-19,2019-10-02,1696,0,0
RACHEL,SCHMIDT,928196942.0,2698.0,58,1989.0,3.0,14.0,,A001697,CPS,1989-03-14,2019-02-20,1697,1,1
JOHN,MOORE,879407068.0,2699.0,26,1970.0,1.0,15.0,,A001698,GPS,1970-01-15,2022-01-10,1698,0,1
HOWARD,WISE,347059672.0,2700.0,26,1978.0,12.0,3.0,,A001699,CPS,1978-12-03,2018-10-06,1699,0,1
MICHAEL,MUNOZ,653815422.0,2701.0,44,1981.0,3.0,13.0,,A001700,GPS,1981-03-13,2022-02-09,1700,1,1
SAMUEL,MCGUIRE,613088980.0,2702.0,8,1972.0,1.0,3.0,,A001701,GPS,1972-01-03,2021-05-12,1701,1,1
JAMES,CRAWFORD,176267322.0,2703.0,41,1977.0,3.0,28.0,,A001702,CPS,1977-03-28,2019-05-26,1702,0,0
WILLIAM,BENNETT,492254329.0,2704.0,45,1975.0,10.0,17.0,,A001703,CPS,1975-10-17,2022-11-16,1703,1,1
HEATHER,WOODS,741002029.0,2705.0,47,1971.0,11.0,12.0,,A001704,CPS,1971-11-12,2019-07-02,1704,1,0
MARGARET,CAMPBELL,122100251.0,2706.0,47,1977.0,1.0,3.0,,A001705,CPS,1977-01-03,2018-01-18,1705,0,1
FRANCES,GRAHAM,224403796.0,2707.0,13,1991.0,10.0,16.0,,A001706,GPS,1991-10-16,2020-03-26,1706,1,1
BRIAN,NELSON,720875674.0,2708.0,12,1987.0,4.0,2.0,,A001707,GPS,1987-04-02,2018-03-11,1707,1,0
LINDA,LEE,323501814.0,2709.0,37,2000.0,10.0,22.0,,A001708,GPS,2000-10-22,2022-03-24,1708,0,0
JOSHUA,WILSON,837368739.0,2710.0,13,2002.0,10.0,15.0,,A001709,CPS,2002-10-15,2019-07-08,1709,1,1
LISA,YOUNG,692447933.0,2711.0,10,1972.0,12.0,23.0,,A001710,GPS,1972-12-23,2021-04-23,1710,0,0
JAMES,HUNTER,482291784.0,2712.0,3,1970.0,12.0,24.0,,A001711,CPS,1970-12-24,2019-10-18,1711,1,1
JENNIFER,JOHNSON,641596289.0,2713.0,38,1985.0,1.0,19.0,,A001712,GPS,1985-01-19,2018-10-19,1712,1,0
ARTHUR,REYES,295409592.0,2714.0,34,1976.0,1.0,23.0,,A001713,GPS,1976-01-23,2022-12-19,1713,0,1
PATRICK,SMITH,934763505.0,2715.0,30,1974.0,2.0,24.0,,A001714,CPS,1974-02-24,2020-06-03,1714,0,0
JAMES,SMITH,371143141.0,2716.0,33,1999.0,12.0,8.0,,A001715,CPS,1999-12-08,2020-02-06,1715,0,0
RYAN,LEWIS,917322592.0,2717.0,18,1986.0,1.0,5.0,,A001716,CPS,1986-01-05,2022-09-24,1716,1,0
KIMBERLY,ROSE,164056434.0,2718.0,8,1964.0,2.0,7.0,,A001717,CPS,1964-02-07,2018-05-23,1717,0,0
BETTY,MILLS,589979196.0,2719.0,21,2003.0,2.0,10.0,,A001718,GPS,2003-02-10,2021-12-25,1718,0,1
RICHARD,HERNANDEZ,179915785.0,2720.0,7,1982.0,2.0,12.0,,A001719,GPS,1982-02-12,2018-08-22,1719,0,1
JEFFREY,MOORE,775028474.0,2721.0,39,1998.0,10.0,2.0,,A001720,CPS,1998-10-02,2020-07-14,1720,0,0
DONALD,JOHNSON,275714481.0,2722.0,50,2003.0,12.0,20.0,,A001721,CPS,2003-12-20,2022-06-02,1721,0,1
ROBERT,CHAVEZ,353766240.0,2723.0,19,1970.0,7.0,7.0,,A001722,GPS,1970-07-07,2022-02-18,1722,1,0
ASHLEY,SMITH,524844513.0,2724.0,29,1996.0,5.0,4.0,,A001723,CPS,1996-05-04,2019-11-19,1723,1,1
JAMES,WHITE,991037627.0,2725.0,43,1991.0,9.0,19.0,,A001724,CPS,1991-09-19,2020-10-23,1724,0,1
VINCENT,FERGUSON,662914205.0,2726.0,41,1980.0,3.0,24.0,,A001725,CPS,1980-03-24,2022-09-27,1725,0,1
JAMES,HENRY,877755291.0,2727.0,34,1984.0,8.0,7.0,,A001726,GPS,1984-08-07,2022-05-16,1726,0,1
JAMES,SANCHEZ,573210420.0,2728.0,55,1988.0,8.0,3.0,,A001727,GPS,1988-08-03,2021-01-21,1727,1,1
PETER,HOLMES,432839410.0,2729.0,15,2003.0,1.0,10.0,,A001728,CPS,2003-01-10,2020-12-20,1728,0,1
JOHN,ROSS,428348902.0,2730.0,29,1965.0,12.0,10.0,,A001729,CPS,1965-12-10,2019-12-14,1729,0,0
JESSICA,PORTER,655647227.0,2731.0,43,1985.0,12.0,26.0,,A001730,CPS,1985-12-26,2021-02-07,1730,0,1
FRANCES,COLEMAN,243862938.0,2732.0,23,1971.0,9.0,25.0,,A001731,CPS,1971-09-25,2019-05-07,1731,1,1
MARTHA,WEAVER,222560407.0,2733.0,21,2004.0,11.0,18.0,,A001732,GPS,2004-11-18,2020-02-25,1732,0,1
HENRY,MARTIN,298341416.0,2734.0,1,1996.0,8.0,12.0,,A001733,CPS,1996-08-12,2020-02-27,1733,0,0
NICOLE,STEWART,262974676.0,2735.0,52,1964.0,6.0,12.0,,A001734,GPS,1964-06-12,2019-07-16,1734,1,0
ANDREA,HANSON,151075861.0,2736.0,62,1982.0,12.0,12.0,,A001735,GPS,1982-12-12,2020-03-18,1735,1,1
JESSICA,CRAWFORD,875635885.0,2737.0,19,1989.0,3.0,1.0,,A001736,GPS,1989-03-01,2020-10-23,1736,0,1
JAMES,POWELL,244399161.0,2738.0,46,1965.0,3.0,28.0,,A001737,GPS,1965-03-28,2020-10-12,1737,0,1
MARILYN,TORRES,438376789.0,2739.0,33,1980.0,4.0,7.0,3.0,A001738,CPS,1980-04-07,2021-08-12,1738,0,0
JAMES,SANCHEZ,442115284.0,2740.0,66,1969.0,7.0,11.0,,A001739,CPS,1969-07-11,2021-12-26,1739,0,1
FRED,FOWLER,908873286.0,2741.0,46,1972.0,5.0,3.0,,A001740,CPS,1972-05-03,2021-06-24,1740,0,1
JAMES,HERNANDEZ,214546016.0,2742.0,50,2004.0,10.0,1.0,,A001741,GPS,2004-10-01,2021-12-27,1741,1,0
ROBERT,PERRY,920542667.0,2743.0,54,1960.0,5.0,3.0,,A001742,CPS,1960-05-03,2018-11-02,1742,0,1
LARRY,YOUNG,443351062.0,2744.0,15,1977.0,8.0,18.0,,A001743,GPS,1977-08-18,2020-04-22,1743,1,0
JAMES,SANCHEZ,121395030.0,2745.0,18,1975.0,2.0,25.0,,A001744,CPS,1975-02-25,2020-11-06,1744,0,0
JAMES,GUZMAN,706214345.0,2746.0,58,1963.0,2.0,9.0,,A001745,GPS,1963-02-09,2022-04-06,1745,0,0
KATHERINE,MARTIN,918390893.0,2747.0,30,1998.0,2.0,19.0,,A001746,CPS,1998-02-19,2018-04-12,1746,0,1
ROBERT,WILLIAMS,854642343.0,2748.0,23,1960.0,10.0,14.0,,A001747,GPS,1960-10-14,2018-08-10,1747,1,1
JAMES,GARZA,506605632.0,2749.0,40,1975.0,5.0,22.0,,A001748,GPS,1975-05-22,2018-03-02,1748,1,0
KATHLEEN,TAYLOR,226224592.0,2750.0,18,1961.0,12.0,13.0,,A001749,GPS,1961-12-13,2019-09-21,1749,0,1
JAMES,SMITH,231689092.0,2751.0,52,1994.0,9.0,28.0,,A001750,GPS,1994-09-28,2020-06-12,1750,0,1
JAMES,JOHNSON,505321784.0,2752.0,6,1974.0,11.0,19.0,,A001751,CPS,1974-11-19,2020-09-19,1751,0,1
JUDITH,WARD,214782152.0,2753.0,2,1988.0,7.0,13.0,,A001752,GPS,1988-07-13,2018-04-23,1752,0,0
KENNETH,ROSS,305126046.0,2754.0,28,1969.0,4.0,27.0,,A001753,GPS,1969-04-27,2020-12-27,1753,1,1
DAVID,MORENO,405790525.0,2755.0,43,1998.0,8.0,19.0,,A001754,CPS,1998-08-19,2019-02-05,1754,0,1
JOHN,RICHARDSON,139393384.0,2756.0,59,1978.0,9.0,22.0,,A001755,GPS,1978-09-22,2021-03-07,1755,0,1
RAYMOND,JOHNSON,305081622.0,2757.0,11,1992.0,3.0,26.0,,A001756,GPS,1992-03-26,2020-03-09,1756,1,1
MICHAEL,SANCHEZ,876668099.0,2758.0,11,1968.0,12.0,28.0,,A001757,GPS,1968-12-28,2019-06-12,1757,1,1
DAVID,WASHINGTON,978787595.0,2759.0,59,2001.0,11.0,1.0,,A001758,CPS,2001-11-01,2021-12-18,1758,0,0
EMMA,PETERSON,868708751.0,2760.0,49,1960.0,5.0,17.0,,A001759,GPS,1960-05-17,2021-07-04,1759,1,1
JENNIFER,WILLIAMS,203324614.0,2761.0,55,1979.0,10.0,18.0,,A001760,CPS,1979-10-18,2021-03-03,1760,0,1
JAMES,MILES,961938692.0,2762.0,51,1984.0,11.0,26.0,,A001761,GPS,1984-11-26,2021-03-24,1761,0,1
CHERYL,RUSSELL,214876910.0,2763.0,15,1997.0,5.0,22.0,,A001762,GPS,1997-05-22,2019-09-15,1762,0,0
ASHLEY,EDWARDS,663690907.0,2764.0,32,1995.0,5.0,15.0,,A001763,CPS,1995-05-15,2019-11-15,1763,0,0
RONALD,SOTO,470763585.0,2765.0,34,2003.0,11.0,21.0,,A001764,GPS,2003-11-21,2021-01-07,1764,0,1
CATHERINE,WELLS,601756956.0,2766.0,14,1979.0,11.0,12.0,,A001765,CPS,1979-11-12,2018-02-14,1765,1,1
THOMAS,TAYLOR,493729155.0,2767.0,30,1973.0,8.0,26.0,,A001766,GPS,1973-08-26,2019-10-27,1766,1,1
BARBARA,MILLER,809234965.0,2768.0,59,1992.0,6.0,24.0,,A001767,CPS,1992-06-24,2022-06-03,1767,1,0
ELIZABETH,HOWARD,561082032.0,2769.0,59,1974.0,6.0,4.0,,A001768,GPS,1974-06-04,2022-02-27,1768,1,1
ROBERT,PHILLIPS,855030013.0,2770.0,35,1968.0,7.0,22.0,,A001769,CPS,1968-07-22,2020-04-04,1769,1,0
DAVID,WILSON,813904250.0,2771.0,21,2000.0,8.0,14.0,,A001770,GPS,2000-08-14,2018-07-25,1770,0,1
JEAN,BROWN,347941867.0,2772.0,50,1990.0,5.0,18.0,,A001771,GPS,1990-05-18,2018-02-01,1771,1,1
NANCY,PHILLIPS,159900209.0,2773.0,63,1996.0,10.0,15.0,,A001772,CPS,1996-10-15,2022-11-11,1772,1,0
JOSHUA,SMITH,700270075.0,2774.0,27,1964.0,9.0,19.0,,A001773,GPS,1964-09-19,2021-03-26,1773,0,0
PAUL,PRICE,705028999.0,2775.0,59,1962.0,2.0,10.0,,A001774,CPS,1962-02-10,2019-01-06,1774,1,1
MARTIN,MARTINEZ,822899960.0,2776.0,32,1992.0,8.0,20.0,,A001775,GPS,1992-08-20,2019-11-03,1775,1,1
SANDRA,WHITE,948314875.0,2777.0,13,2003.0,4.0,17.0,,A001776,GPS,2003-04-17,2021-01-26,1776,1,1
JAMES,WILLIAMS,273468199.0,2778.0,37,1966.0,12.0,2.0,,A001777,CPS,1966-12-02,2018-10-16,1777,0,1
MARY,BROWN,381887235.0,2779.0,22,1989.0,12.0,14.0,,A001778,GPS,1989-12-14,2019-02-14,1778,1,0
DIANE,WALKER,157278024.0,2780.0,48,2001.0,1.0,20.0,,A001779,CPS,2001-01-20,2021-08-04,1779,1,1
JAMES,SMITH,246421610.0,2781.0,54,1976.0,6.0,27.0,3.0,A001780,CPS,1976-06-27,2021-12-09,1780,1,1
MARILYN,NELSON,294577422.0,2782.0,49,1982.0,10.0,7.0,,A001781,GPS,1982-10-07,2019-05-28,1781,1,1
RALPH,MORRIS,719580526.0,2783.0,37,1985.0,5.0,25.0,,A001782,GPS,1985-05-25,2018-04-27,1782,0,1
JAMES,MENDOZA,553852944.0,2784.0,10,2003.0,2.0,10.0,,A001783,CPS,2003-02-10,2020-01-15,1783,1,1
JACQUELINE,SMITH,727628430.0,2785.0,56,1997.0,12.0,19.0,,A001784,GPS,1997-12-19,2022-02-28,1784,0,0
HOWARD,WILSON,383557399.0,2786.0,24,1961.0,4.0,7.0,,A001785,GPS,1961-04-07,2020-10-15,1785,1,1
SUSAN,TERRY,853863120.0,2787.0,19,1977.0,1.0,14.0,2.0,A001786,CPS,1977-01-14,2020-07-28,1786,0,0
JOSHUA,FERNANDEZ,299808561.0,2788.0,45,1993.0,5.0,4.0,,A001787,GPS,1993-05-04,2022-04-06,1787,1,0
STEPHEN,GARCIA,503932279.0,2789.0,26,1997.0,7.0,18.0,,A001788,CPS,1997-07-18,2018-11-28,1788,0,1
ELIZABETH,SMITH,203295280.0,2790.0,17,1975.0,10.0,19.0,,A001789,GPS,1975-10-19,2019-01-02,1789,1,0
JAMES,MYERS,784904227.0,2791.0,19,1990.0,5.0,13.0,,A001790,GPS,1990-05-13,2019-09-21,1790,0,0
BILLY,CARTER,286078864.0,2792.0,45,1991.0,7.0,7.0,,A001791,GPS,1991-07-07,2020-02-11,1791,0,1
NANCY,CARTER,457273689.0,2793.0,55,2003.0,5.0,2.0,2.0,A001792,CPS,2003-05-02,2022-08-16,1792,1,0
RUTH,BAILEY,687452270.0,2794.0,59,1995.0,4.0,21.0,,A001793,CPS,1995-04-21,2020-03-28,1793,0,0
PHILIP,RAMIREZ,106608675.0,2795.0,24,1989.0,9.0,7.0,,A001794,GPS,1989-09-07,2022-05-22,1794,0,0
DENNIS,PETERS,329283387.0,2796.0,34,2000.0,4.0,20.0,,A001795,GPS,2000-04-20,2021-02-19,1795,0,0
MARY,WILSON,885801135.0,2797.0,26,1982.0,5.0,20.0,,A001796,GPS,1982-05-20,2018-02-13,1796,1,1
JAMES,MORALES,603619932.0,2798.0,49,2002.0,6.0,26.0,,A001797,GPS,2002-06-26,2021-10-27,1797,1,0
LISA,MOORE,110360094.0,2799.0,54,1999.0,11.0,5.0,,A001798,GPS,1999-11-05,2022-11-17,1798,1,1
BARBARA,SMITH,544364393.0,2800.0,28,1966.0,7.0,19.0,,A001799,CPS,1966-07-19,2018-05-02,1799,0,1
ADAM,WILSON,971721111.0,2801.0,8,1992.0,9.0,21.0,,A001800,GPS,1992-09-21,2022-02-12,1800,0,1
SARAH,MURRAY,586041341.0,2802.0,32,1963.0,8.0,27.0,,A001801,GPS,1963-08-27,2018-06-01,1801,1,1
GARY,HERNANDEZ,249526569.0,2803.0,11,1997.0,9.0,18.0,,A001802,GPS,1997-09-18,2021-01-13,1802,0,0
ASHLEY,RYAN,422643293.0,2804.0,31,1984.0,11.0,12.0,2.0,A001803,GPS,1984-11-12,2018-03-27,1803,1,1
DOROTHY,ROBINSON,916467797.0,2805.0,9,1971.0,8.0,28.0,,A001804,CPS,1971-08-28,2018-04-09,1804,0,0
MARGARET,JOHNSON,438158110.0,2806.0,32,1996.0,12.0,25.0,,A001805,GPS,1996-12-25,2018-08-26,1805,1,1
JAMES,STEWART,473858865.0,2807.0,64,1967.0,2.0,3.0,,A001806,CPS,1967-02-03,2022-08-19,1806,0,0
CHRISTOPHER,JENKINS,621681810.0,2808.0,48,2003.0,2.0,20.0,,A001807,GPS,2003-02-20,2022-12-10,1807,1,0
LINDA,WILLIAMS,940406062.0,2809.0,27,1990.0,9.0,8.0,,A001808,CPS,1990-09-08,2020-03-21,1808,1,0
WILLIAM,MARTIN,369108597.0,2810.0,48,1985.0,5.0,6.0,,A001809,CPS,1985-05-06,2018-06-12,1809,0,0
JUDITH,NELSON,123851038.0,2811.0,3,1999.0,6.0,6.0,,A001810,CPS,1999-06-06,2020-03-12,1810,0,0
GREGORY,GILBERT,645334900.0,2812.0,44,1964.0,2.0,6.0,,A001811,GPS,1964-02-06,2019-10-23,1811,1,1
KATHERINE,BROWN,646422313.0,2813.0,54,1966.0,4.0,23.0,,A001812,CPS,1966-04-23,2022-02-28,1812,1,0
JAMES,WASHINGTON,665816074.0,2814.0,5,1993.0,6.0,26.0,,A001813,GPS,1993-06-26,2019-03-08,1813,1,0
STEVEN,WILLIAMS,835184690.0,2815.0,44,1972.0,3.0,20.0,,A001814,CPS,1972-03-20,2019-11-06,1814,1,1
JOHN,HUNTER,141864107.0,2816.0,44,1978.0,6.0,13.0,2.0,A001815,CPS,1978-06-13,2020-06-04,1815,1,1
ERIC,LYONS,774484810.0,2817.0,37,1999.0,1.0,15.0,,A001816,GPS,1999-01-15,2020-10-18,1816,0,0
JACOB,MILLER,970456865.0,2818.0,36,2001.0,9.0,20.0,,A001817,GPS,2001-09-20,2018-01-21,1817,0,1
DOROTHY,YOUNG,654128239.0,2819.0,19,1982.0,11.0,10.0,,A001818,CPS,1982-11-10,2018-07-27,1818,1,0
STEVEN,CRUZ,484885698.0,2820.0,64,1999.0,1.0,22.0,,A001819,CPS,1999-01-22,2020-09-03,1819,1,1
AMANDA,NELSON,391740202.0,2821.0,24,1968.0,10.0,28.0,,A001820,GPS,1968-10-28,2020-04-10,1820,0,0
JENNIFER,HOFFMAN,915749063.0,2822.0,65,1962.0,1.0,14.0,,A001821,GPS,1962-01-14,2019-08-05,1821,0,0
SHIRLEY,YOUNG,166519518.0,2823.0,2,1962.0,3.0,5.0,,A001822,GPS,1962-03-05,2021-09-06,1822,1,0
SUSAN,TURNER,911122129.0,2824.0,52,1996.0,6.0,4.0,,A001823,GPS,1996-06-04,2020-09-25,1823,0,0
DAVID,MILLER,753187075.0,2825.0,67,1973.0,5.0,18.0,,A001824,CPS,1973-05-18,2022-09-17,1824,0,1
MARY,RODRIGUEZ,718958780.0,2826.0,20,1970.0,10.0,18.0,,A001825,CPS,1970-10-18,2018-11-06,1825,0,0
JOHN,BROWN,157690271.0,2827.0,48,1989.0,11.0,6.0,,A001826,GPS,1989-11-06,2018-07-17,1826,0,1
PATRICIA,SMITH,857134808.0,2828.0,62,1996.0,12.0,11.0,,A001827,CPS,1996-12-11,2020-05-27,1827,1,0
LINDA,WILLIAMS,509504568.0,2829.0,43,2001.0,6.0,27.0,,A001828,GPS,2001-06-27,2019-08-18,1828,0,1
EVELYN,JOHNSON,973400150.0,2830.0,50,1984.0,1.0,1.0,,A001829,CPS,1984-01-01,2020-01-03,1829,1,0
JAMES,LYNCH,498860323.0,2831.0,32,1988.0,9.0,9.0,,A001830,GPS,1988-09-09,2022-04-22,1830,0,1
JONATHAN,CRAWFORD,770995186.0,2832.0,64,1969.0,10.0,8.0,,A001831,CPS,1969-10-08,2019-10-16,1831,1,0
JOHN,MILLER,428080778.0,2833.0,38,1969.0,4.0,10.0,,A001832,GPS,1969-04-10,2021-02-01,1832,1,1
DIANE,WRIGHT,167267057.0,2834.0,66,1971.0,11.0,5.0,,A001833,GPS,1971-11-05,2021-07-25,1833,1,1
ROBERT,WARREN,448632498.0,2835.0,57,1985.0,1.0,13.0,,A001834,CPS,1985-01-13,2021-04-26,1834,1,0
DAVID,COX,433860802.0,2836.0,55,1961.0,6.0,16.0,,A001835,GPS,1961-06-16,2020-12-02,1835,0,1
ROBERT,SMITH,233522891.0,2837.0,49,1993.0,9.0,6.0,,A001836,CPS,1993-09-06,2019-07-10,1836,1,1
JAMES,MARTIN,423480476.0,2838.0,10,1967.0,3.0,17.0,,A001837,GPS,1967-03-17,2020-04-07,1837,0,1
JAMES,JOHNSON,721599266.0,2839.0,60,1967.0,9.0,5.0,,A001838,CPS,1967-09-05,2019-10-16,1838,0,0
BARBARA,SCOTT,536053309.0,2840.0,57,1990.0,5.0,26.0,,A001839,GPS,1990-05-26,2022-12-12,1839,1,1
ANTHONY,HAYNES,610724457.0,2841.0,45,1995.0,2.0,19.0,,A001840,CPS,1995-02-19,2020-12-21,1840,0,1
MATTHEW,BROWN,535358282.0,2842.0,28,1973.0,6.0,12.0,,A001841,CPS,1973-06-12,2019-06-16,1841,1,1
CHARLES,MILES,159488968.0,2843.0,15,1971.0,11.0,13.0,,A001842,CPS,1971-11-13,2019-01-06,1842,0,0
SHIRLEY,SMITH,165281778.0,2844.0,33,1963.0,3.0,24.0,,A001843,GPS,1963-03-24,2018-06-24,1843,1,1
JOSEPH,FERNANDEZ,451242362.0,2845.0,37,1979.0,4.0,6.0,,A001844,GPS,1979-04-06,2020-07-16,1844,1,1
JAMES,GILBERT,171179232.0,2846.0,57,1963.0,2.0,11.0,,A001845,GPS,1963-02-11,2020-05-04,1845,1,1
RONALD,SMITH,274181984.0,2847.0,18,1974.0,1.0,16.0,,A001846,CPS,1974-01-16,2021-05-05,1846,1,1
GARY,SOTO,440560431.0,2848.0,43,1977.0,8.0,13.0,,A001847,GPS,1977-08-13,2019-03-26,1847,0,1
ASHLEY,BARKER,285048612.0,2849.0,32,1972.0,10.0,16.0,,A001848,CPS,1972-10-16,2018-04-24,1848,1,0
NICOLE,FLORES,718057640.0,2850.0,59,1998.0,2.0,10.0,,A001849,GPS,1998-02-10,2019-02-07,1849,1,0
JESSICA,WISE,829806339.0,2851.0,40,1970.0,9.0,15.0,,A001850,CPS,1970-09-15,2021-05-27,1850,1,0
JAMES,PALMER,396402899.0,2852.0,25,1994.0,4.0,8.0,,A001851,CPS,1994-04-08,2019-06-26,1851,0,1
MADISON,JENKINS,893536710.0,2853.0,25,1961.0,1.0,28.0,,A001852,CPS,1961-01-28,2020-01-19,1852,0,1
JOAN,LEWIS,955882781.0,2854.0,66,1979.0,9.0,9.0,,A001853,CPS,1979-09-09,2018-04-01,1853,0,1
PATRICIA,MAXWELL,520170871.0,2855.0,64,1993.0,11.0,25.0,,A001854,GPS,1993-11-25,2020-04-03,1854,1,1
GEORGE,ROBERTS,808720304.0,2856.0,18,1977.0,1.0,24.0,,A001855,CPS,1977-01-24,2022-10-12,1855,1,1
PATRICIA,JACKSON,537791043.0,2857.0,2,1996.0,6.0,26.0,,A001856,CPS,1996-06-26,2018-09-08,1856,0,0
JAMES,CASTRO,201406247.0,2858.0,62,1966.0,9.0,22.0,,A001857,GPS,1966-09-22,2021-04-24,1857,1,0
JOHN,WILLIAMS,661094302.0,2859.0,10,1970.0,1.0,9.0,,A001858,GPS,1970-01-09,2022-08-06,1858,1,1
BRIAN,WATSON,959728068.0,2860.0,29,1964.0,12.0,14.0,,A001859,CPS,1964-12-14,2018-02-25,1859,0,1
DANIELLE,LEWIS,410161933.0,2861.0,11,2002.0,2.0,20.0,,A001860,CPS,2002-02-20,2018-02-10,1860,0,1
MICHAEL,GRAHAM,527448069.0,2862.0,5,1978.0,10.0,4.0,3.0,A001861,GPS,1978-10-04,2021-04-14,1861,1,0
HELEN,SMITH,355124865.0,2863.0,52,2001.0,1.0,7.0,,A001862,CPS,2001-01-07,2020-03-22,1862,0,0
JENNIFER,HUGHES,260100832.0,2864.0,27,1992.0,3.0,19.0,,A001863,GPS,1992-03-19,2022-02-14,1863,1,0
ROBERT,HOFFMAN,762093570.0,2865.0,29,1970.0,9.0,21.0,,A001864,GPS,1970-09-21,2019-08-11,1864,1,1
ANDREA,SMITH,718164490.0,2866.0,18,1991.0,9.0,22.0,,A001865,GPS,1991-09-22,2019-04-16,1865,1,1
JOSEPH,WARREN,751181350.0,2867.0,27,1999.0,4.0,15.0,,A001866,GPS,1999-04-15,2018-04-16,1866,1,1
GLORIA,GRAY,126832644.0,2868.0,13,2004.0,4.0,11.0,,A001867,GPS,2004-04-11,2021-07-04,1867,0,0
LINDA,WILSON,370362878.0,2869.0,65,1967.0,11.0,15.0,,A001868,CPS,1967-11-15,2019-03-26,1868,0,1
DONALD,BAILEY,794149428.0,2870.0,40,1967.0,10.0,22.0,,A001869,GPS,1967-10-22,2020-04-03,1869,1,1
MARGARET,STEWART,216168871.0,2871.0,6,1979.0,2.0,28.0,,A001870,GPS,1979-02-28,2018-06-28,1870,0,1
JENNIFER,RIVERA,527449601.0,2872.0,65,1966.0,10.0,9.0,3.0,A001871,CPS,1966-10-09,2019-03-06,1871,1,1
EMILY,SIMMONS,226761023.0,2873.0,45,1978.0,6.0,22.0,,A001872,CPS,1978-06-22,2020-01-19,1872,0,1
GEORGE,JOHNSON,320356946.0,2874.0,18,1972.0,3.0,10.0,,A001873,GPS,1972-03-10,2020-01-28,1873,1,1
EMILY,FLORES,474893291.0,2875.0,61,2001.0,12.0,1.0,,A001874,CPS,2001-12-01,2021-04-02,1874,0,1
JOHN,WHITE,145860423.0,2876.0,48,2003.0,4.0,6.0,,A001875,GPS,2003-04-06,2018-07-13,1875,1,1
FRANK,KING,302707480.0,2877.0,18,1973.0,8.0,24.0,,A001876,CPS,1973-08-24,2018-07-24,1876,0,1
KEITH,PHILLIPS,975390281.0,2878.0,8,1984.0,1.0,8.0,,A001877,GPS,1984-01-08,2021-10-20,1877,1,1
MARY,SNYDER,699305421.0,2879.0,16,1987.0,1.0,9.0,,A001878,GPS,1987-01-09,2019-02-16,1878,1,0
JOSEPH,BAILEY,223028861.0,2880.0,57,1976.0,3.0,24.0,,A001879,GPS,1976-03-24,2018-06-12,1879,0,0
DOROTHY,SHAW,505306607.0,2881.0,31,1963.0,8.0,10.0,1.0,A001880,CPS,1963-08-10,2021-06-28,1880,1,0
JEREMY,MEYER,222711390.0,2882.0,30,1991.0,8.0,6.0,,A001881,GPS,1991-08-06,2019-04-14,1881,1,1
LINDA,JOHNSON,133534074.0,2883.0,24,1977.0,8.0,23.0,,A001882,GPS,1977-08-23,2018-09-27,1882,0,1
JANICE,ANDREWS,828599566.0,2884.0,15,1991.0,3.0,1.0,,A001883,GPS,1991-03-01,2019-12-05,1883,0,0
EVELYN,RAMIREZ,922434937.0,2885.0,50,1995.0,9.0,1.0,,A001884,CPS,1995-09-01,2021-09-03,1884,1,0
KAYLA,SCOTT,741281959.0,2886.0,64,1965.0,6.0,10.0,,A001885,CPS,1965-06-10,2020-06-11,1885,1,1
PATRICIA,PETERSON,780030619.0,2887.0,42,1994.0,5.0,18.0,,A001886,CPS,1994-05-18,2022-12-03,1886,1,0
MARK,CROSS,882753488.0,2888.0,29,1988.0,11.0,4.0,,A001887,CPS,1988-11-04,2021-06-02,1887,1,1
DAVID,MOORE,397442332.0,2889.0,23,1984.0,11.0,3.0,,A001888,CPS,1984-11-03,2019-08-16,1888,1,1
MARY,WILLIAMS,131352815.0,2890.0,39,1996.0,9.0,24.0,,A001889,CPS,1996-09-24,2021-06-02,1889,0,0
MEGAN,SMITH,267898619.0,2891.0,15,1964.0,9.0,5.0,,A001890,GPS,1964-09-05,2021-09-18,1890,1,1
RICHARD,MARTINEZ,538599645.0,2892.0,59,1977.0,11.0,18.0,,A001891,CPS,1977-11-18,2021-01-24,1891,1,1
STEPHANIE,SMITH,858660010.0,2893.0,13,1978.0,7.0,1.0,,A001892,GPS,1978-07-01,2020-08-07,1892,1,1
RACHEL,HALL,308849442.0,2894.0,30,1970.0,7.0,6.0,,A001893,GPS,1970-07-06,2022-01-14,1893,0,0
ROBERT,WEBB,449888697.0,2895.0,6,2003.0,2.0,19.0,,A001894,GPS,2003-02-19,2019-05-14,1894,0,1
SHIRLEY,JOHNSON,112463540.0,2896.0,14,1970.0,11.0,4.0,,A001895,GPS,1970-11-04,2022-03-23,1895,0,1
SARA,HAWKINS,579226503.0,2897.0,46,1963.0,1.0,13.0,,A001896,CPS,1963-01-13,2020-06-04,1896,1,0
TIMOTHY,MENDOZA,548951979.0,2898.0,58,1969.0,12.0,11.0,,A001897,CPS,1969-12-11,2020-05-07,1897,1,1
KAREN,GARRETT,521782517.0,2899.0,7,1980.0,2.0,10.0,,A001898,GPS,1980-02-10,2018-08-17,1898,1,1
DAVID,DANIELS,482816094.0,2900.0,25,1997.0,11.0,10.0,,A001899,CPS,1997-11-10,2018-09-18,1899,1,0
ISABELLA,YOUNG,355085068.0,2901.0,10,1991.0,10.0,2.0,,A001900,GPS,1991-10-02,2022-11-03,1900,0,1
MELISSA,BROWN,421890877.0,2902.0,61,1960.0,8.0,26.0,,A001901,GPS,1960-08-26,2022-08-12,1901,1,1
JAMES,DAVIS,734297835.0,2903.0,9,1979.0,10.0,11.0,,A001902,GPS,1979-10-11,2019-02-03,1902,0,0
MICHAEL,GARCIA,860666715.0,2904.0,2,2000.0,12.0,3.0,,A001903,CPS,2000-12-03,2018-08-23,1903,0,0
MATTHEW,KIM,731634137.0,2905.0,28,1990.0,12.0,3.0,,A001904,GPS,1990-12-03,2019-03-26,1904,0,1
WILLIAM,TAYLOR,112709230.0,2906.0,54,1974.0,10.0,15.0,,A001905,CPS,1974-10-15,2020-05-10,1905,0,1
PATRICK,EDWARDS,448763715.0,2907.0,10,1969.0,9.0,6.0,,A001906,GPS,1969-09-06,2019-12-26,1906,1,0
SUSAN,DAVIS,851645282.0,2908.0,40,1967.0,9.0,13.0,,A001907,GPS,1967-09-13,2022-08-09,1907,1,0
JOSHUA,DOUGLAS,333243480.0,2909.0,11,1982.0,2.0,28.0,,A001908,GPS,1982-02-28,2018-07-06,1908,1,1
ROBERT,BENNETT,897584896.0,2910.0,36,1992.0,5.0,24.0,,A001909,CPS,1992-05-24,2022-08-18,1909,0,1
DEBORAH,LOPEZ,912238212.0,2911.0,12,1994.0,8.0,28.0,,A001910,GPS,1994-08-28,2020-06-07,1910,1,1
EVELYN,GONZALEZ,927067725.0,2912.0,56,1992.0,2.0,16.0,,A001911,CPS,1992-02-16,2022-07-17,1911,0,1
ELIZABETH,HOLMES,586875130.0,2913.0,5,1978.0,5.0,16.0,,A001912,CPS,1978-05-16,2022-06-21,1912,0,0
MARY,WILLIAMS,898312364.0,2914.0,45,1998.0,7.0,11.0,,A001913,CPS,1998-07-11,2020-06-12,1913,0,0
JAMES,JENSEN,722941762.0,2915.0,29,1985.0,6.0,24.0,,A001914,CPS,1985-06-24,2022-05-04,1914,1,1
CHARLES,JOHNSON,719076370.0,2916.0,56,1987.0,8.0,3.0,,A001915,CPS,1987-08-03,2019-05-10,1915,0,0
SAMANTHA,JAMES,869361824.0,2917.0,12,1990.0,2.0,9.0,,A001916,GPS,1990-02-09,2021-12-28,1916,0,1
ROBERT,GUZMAN,603456697.0,2918.0,28,1999.0,9.0,13.0,,A001917,CPS,1999-09-13,2020-07-04,1917,0,1
BARBARA,SMITH,831617764.0,2919.0,61,1966.0,9.0,17.0,,A001918,GPS,1966-09-17,2022-08-23,1918,1,0
MARK,WILSON,211689646.0,2920.0,37,1970.0,7.0,17.0,,A001919,GPS,1970-07-17,2021-05-13,1919,1,1
DANIEL,LOPEZ,896226717.0,2921.0,13,1968.0,11.0,18.0,,A001920,GPS,1968-11-18,2022-08-14,1920,1,0
BARBARA,JOHNSON,333891700.0,2922.0,30,1999.0,8.0,7.0,2.0,A001921,GPS,1999-08-07,2022-12-08,1921,1,0
JAMES,BAILEY,760546221.0,2923.0,37,1963.0,10.0,17.0,,A001922,GPS,1963-10-17,2018-09-05,1922,0,1
JENNIFER,WILLIAMS,876863327.0,2924.0,51,2004.0,6.0,24.0,,A001923,CPS,2004-06-24,2021-07-13,1923,1,0
SUSAN,STONE,676297849.0,2925.0,55,1975.0,3.0,27.0,,A001924,CPS,1975-03-27,2019-06-16,1924,0,0
DAVID,BERRY,558919735.0,2926.0,59,1992.0,9.0,22.0,,A001925,CPS,1992-09-22,2021-02-13,1925,1,1
ANTHONY,GRAY,321956293.0,2927.0,14,1987.0,5.0,11.0,,A001926,CPS,1987-05-11,2020-11-10,1926,0,0
MARY,RAMIREZ,889024792.0,2928.0,8,1993.0,10.0,8.0,,A001927,CPS,1993-10-08,2021-01-18,1927,0,1
JENNIFER,SCOTT,810363410.0,2929.0,13,2004.0,9.0,25.0,,A001928,CPS,2004-09-25,2021-06-25,1928,0,1
JOHN,MARTINEZ,893974467.0,2930.0,1,1984.0,7.0,10.0,,A001929,GPS,1984-07-10,2020-05-23,1929,1,1
MARY,ALLEN,819458729.0,2931.0,20,1971.0,5.0,11.0,,A001930,CPS,1971-05-11,2021-09-27,1930,0,0
PAUL,SPENCER,203382460.0,2932.0,30,2000.0,6.0,28.0,,A001931,GPS,2000-06-28,2018-02-07,1931,0,0
JAMES,JOHNSON,578072442.0,2933.0,16,2001.0,9.0,8.0,,A001932,GPS,2001-09-08,2019-09-16,1932,1,1
JAMES,REED,737608668.0,2934.0,28,1964.0,10.0,17.0,,A001933,CPS,1964-10-17,2020-07-09,1933,1,0
SARAH,ANDERSON,123180460.0,2935.0,66,1987.0,2.0,13.0,,A001934,GPS,1987-02-13,2021-08-18,1934,1,0
MARY,SMITH,379360654.0,2936.0,14,1971.0,1.0,8.0,,A001935,CPS,1971-01-08,2020-10-17,1935,1,0
MARTIN,GARCIA,593612257.0,2937.0,62,1969.0,3.0,12.0,,A001936,CPS,1969-03-12,2019-07-20,1936,0,1
LISA,WILLIAMS,690964454.0,2938.0,42,1970.0,8.0,28.0,,A001937,GPS,1970-08-28,2018-02-18,1937,0,0
MARK,FRAZIER,458657220.0,2939.0,20,1977.0,10.0,18.0,,A001938,GPS,1977-10-18,2022-09-27,1938,1,1
JACK,KELLEY,461169326.0,2940.0,58,1983.0,1.0,11.0,,A001939,GPS,1983-01-11,2019-10-18,1939,1,1
DAVID,SANCHEZ,357638682.0,2941.0,21,1970.0,12.0,5.0,,A001940,CPS,1970-12-05,2020-12-12,1940,0,1
THOMAS,DAVIS,567922940.0,2942.0,44,1966.0,11.0,27.0,,A001941,CPS,1966-11-27,2020-07-23,1941,1,0
JESSICA,SMITH,991538949.0,2943.0,52,1976.0,1.0,26.0,,A001942,GPS,1976-01-26,2020-12-11,1942,0,0
CHARLES,JOHNSON,494308594.0,2944.0,17,1969.0,11.0,1.0,,A001943,GPS,1969-11-01,2022-05-13,1943,1,0
RACHEL,RODRIGUEZ,835073845.0,2945.0,53,2001.0,5.0,4.0,,A001944,GPS,2001-05-04,2021-08-17,1944,1,1
JOSHUA,CAMPBELL,325776234.0,2946.0,20,1992.0,10.0,12.0,,A001945,CPS,1992-10-12,2021-08-20,1945,0,0
PATRICIA,CASTILLO,322003497.0,2947.0,50,2003.0,6.0,25.0,,A001946,CPS,2003-06-25,2020-06-26,1946,1,1
CHRISTINA,BROWN,481442191.0,2948.0,46,1964.0,10.0,19.0,,A001947,CPS,1964-10-19,2021-01-01,1947,0,1
CHARLES,PETERS,226756177.0,2949.0,59,1976.0,11.0,26.0,,A001948,GPS,1976-11-26,2020-01-19,1948,0,1
BETTY,REYES,105941764.0,2950.0,61,1998.0,10.0,26.0,,A001949,GPS,1998-10-26,2020-12-24,1949,0,1
PHILIP,ANDERSON,560948132.0,2951.0,31,1992.0,7.0,23.0,,A001950,CPS,1992-07-23,2021-12-04,1950,1,1
JOHNNY,BROWN,351961652.0,2952.0,8,1997.0,8.0,25.0,,A001951,GPS,1997-08-25,2019-07-27,1951,1,0
JOSEPH,HILL,587705911.0,2953.0,36,1990.0,2.0,11.0,,A001952,GPS,1990-02-11,2021-03-14,1952,1,0
MARY,MENDEZ,714761120.0,2954.0,22,1972.0,3.0,9.0,,A001953,GPS,1972-03-09,2019-02-16,1953,0,1
THOMAS,WILLIAMS,354565570.0,2955.0,59,1985.0,2.0,19.0,,A001954,GPS,1985-02-19,2019-12-18,1954,0,0
HENRY,STEPHENS,516610314.0,2956.0,27,1982.0,11.0,15.0,,A001955,CPS,1982-11-15,2022-11-05,1955,1,0
JOSEPH,CLARK,321454595.0,2957.0,57,1999.0,8.0,2.0,,A001956,GPS,1999-08-02,2021-04-03,1956,1,1
MARY,ROSS,872212548.0,2958.0,61,1990.0,1.0,3.0,,A001957,CPS,1990-01-03,2018-07-14,1957,1,1
NICOLE,HERNANDEZ,211585886.0,2959.0,64,1973.0,7.0,15.0,,A001958,CPS,1973-07-15,2020-06-03,1958,1,1
DONNA,DAVIS,990601787.0,2960.0,67,1991.0,4.0,26.0,,A001959,CPS,1991-04-26,2022-02-14,1959,0,1
JAMES,RODRIGUEZ,341252808.0,2961.0,5,1990.0,2.0,28.0,,A001960,GPS,1990-02-28,2021-10-02,1960,0,0
RAY,MARTINEZ,928322036.0,2962.0,32,1975.0,7.0,23.0,,A001961,CPS,1975-07-23,2021-06-20,1961,1,0
NATHAN,MENDEZ,668305464.0,2963.0,4,1999.0,4.0,26.0,,A001962,GPS,1999-04-26,2019-07-22,1962,1,0
PATRICIA,SMITH,720743724.0,2964.0,49,1965.0,11.0,27.0,,A001963,GPS,1965-11-27,2020-01-17,1963,1,1
ZACHARY,JOHNSON,335037179.0,2965.0,60,1996.0,1.0,26.0,,A001964,CPS,1996-01-26,2019-11-10,1964,0,1
PATRICIA,GARCIA,836834138.0,2966.0,29,1968.0,4.0,18.0,,A001965,CPS,1968-04-18,2018-11-05,1965,0,1
DEBRA,CARTER,619284586.0,2967.0,19,1968.0,6.0,14.0,,A001966,GPS,1968-06-14,2018-08-16,1966,0,0
JAMES,WRIGHT,429292531.0,2968.0,46,1966.0,10.0,4.0,,A001967,GPS,1966-10-04,2018-02-26,1967,1,0
THOMAS,ADAMS,601252993.0,2969.0,13,1988.0,5.0,2.0,,A001968,GPS,1988-05-02,2020-07-15,1968,1,1
WILLIAM,RAMIREZ,691491838.0,2970.0,25,1963.0,5.0,21.0,,A001969,GPS,1963-05-21,2019-08-17,1969,0,1
PATRICIA,HOFFMAN,245843249.0,2971.0,22,1963.0,12.0,21.0,,A001970,CPS,1963-12-21,2018-09-02,1970,0,1
JESSICA,MORRIS,638572676.0,2972.0,8,1992.0,8.0,11.0,,A001971,CPS,1992-08-11,2021-03-15,1971,0,1
SARA,RILEY,658321087.0,2973.0,56,1965.0,5.0,14.0,,A001972,GPS,1965-05-14,2019-03-03,1972,1,0
CARL,JOHNSON,725167316.0,2974.0,50,1981.0,8.0,5.0,,A001973,GPS,1981-08-05,2022-07-08,1973,0,0
WILLIAM,SMITH,410937928.0,2975.0,49,2001.0,1.0,4.0,,A001974,CPS,2001-01-04,2020-06-16,1974,0,1
GEORGE,HARRISON,536139937.0,2976.0,7,1998.0,12.0,1.0,,A001975,CPS,1998-12-01,2019-09-28,1975,0,1
BARBARA,SMITH,221198208.0,2977.0,16,1985.0,5.0,9.0,,A001976,GPS,1985-05-09,2021-08-17,1976,1,1
ROBERT,RAMIREZ,680455784.0,2978.0,1,1981.0,4.0,6.0,,A001977,CPS,1981-04-06,2019-07-12,1977,1,0
JIMMY,JONES,727869096.0,2979.0,29,1986.0,12.0,12.0,,A001978,CPS,1986-12-12,2019-01-03,1978,1,1
DENISE,GONZALEZ,784747306.0,2980.0,62,2003.0,6.0,14.0,,A001979,GPS,2003-06-14,2022-04-21,1979,1,0
RYAN,NORRIS,794191589.0,2981.0,26,1989.0,2.0,18.0,,A001980,GPS,1989-02-18,2022-01-21,1980,0,0
MICHELLE,WARREN,266052100.0,2982.0,7,2001.0,5.0,9.0,,A001981,CPS,2001-05-09,2021-08-23,1981,0,1
MARY,SMITH,706523781.0,2983.0,10,1967.0,3.0,19.0,,A001982,GPS,1967-03-19,2020-10-02,1982,0,0
ADAM,CHAVEZ,330894414.0,2984.0,64,1970.0,9.0,18.0,,A001983,GPS,1970-09-18,2018-02-22,1983,1,1
SUSAN,ARMSTRONG,475282489.0,2985.0,27,1975.0,11.0,20.0,,A001984,CPS,1975-11-20,2019-11-05,1984,1,0
SARAH,PHILLIPS,279339816.0,2986.0,27,1970.0,3.0,9.0,,A001985,CPS,1970-03-09,2018-09-15,1985,0,0
KENNETH,BROWN,992894183.0,2987.0,54,1974.0,12.0,14.0,,A001986,CPS,1974-12-14,2018-05-12,1986,0,1
JOHN,SCOTT,952429757.0,2988.0,57,2000.0,10.0,14.0,,A001987,CPS,2000-10-14,2018-02-26,1987,1,0
KENNETH,MORGAN,991139820.0,2989.0,54,1985.0,11.0,2.0,,A001988,GPS,1985-11-02,2019-04-23,1988,0,0
JAMES,PARKER,603241394.0,2990.0,14,1970.0,6.0,18.0,,A001989,CPS,1970-06-18,2021-11-05,1989,1,1
THOMAS,CHAVEZ,346323637.0,2991.0,24,1962.0,9.0,7.0,,A001990,GPS,1962-09-07,2020-07-05,1990,0,1
DOUGLAS,CARLSON,723322506.0,2992.0,16,1984.0,11.0,9.0,,A001991,CPS,1984-11-09,2022-08-02,1991,0,0
SANDRA,WILLIAMS,842759320.0,2993.0,35,1971.0,9.0,13.0,,A001992,GPS,1971-09-13,2020-12-20,1992,0,0
DAVID,MASON,885191686.0,2994.0,17,1998.0,11.0,22.0,,A001993,CPS,1998-11-22,2021-03-20,1993,1,1
LARRY,JACKSON,476832181.0,2995.0,46,1960.0,10.0,9.0,,A001994,CPS,1960-10-09,2022-10-06,1994,1,0
PATRICIA,MURRAY,807635269.0,2996.0,58,1987.0,3.0,16.0,,A001995,CPS,1987-03-16,2020-11-13,1995,0,1
JENNIFER,KING,956151626.0,2997.0,45,1992.0,4.0,23.0,3.0,A001996,GPS,1992-04-23,2021-01-02,1996,0,0
FRANK,MYERS,313267386.0,2998.0,5,1998.0,1.0,21.0,,A001997,GPS,1998-01-21,2020-09-19,1997,1,0
JAMES,KING,196916589.0,2999.0,65,2004.0,7.0,28.0,,A001998,CPS,2004-07-28,2020-02-13,1998,0,0
ERIC,PATEL,117379324.0,3000.0,52,1980.0,3.0,18.0,,A001999,CPS,1980-03-18,2022-08-25,1999,0,0
